student_id,A1,A2,A3,A4,A5,A6,A7,A8,A9,A10,A11,A12,B1,B2,B3,B4,B5,B6,B7,B8,B9,B10,C1,C2,C3,C4,C5,C6,C7,C8,O1,O2,O3,O4,O5,O6,C_1,C_2,C_3,C_4,C_5,C_6,E1,E2,E3,E4,E5,E6,A_1,A_2,A_3,A_4,N1,N2,N3,N4
S001,1,1,0,1,1,1,1,1,0,0,0,0,1,1,1,1,1,1,0,0,0,1,0,1,1,1,0,1,0,0,5,5,4,2,1,4,5,5,4,2,3,5,5,5,4,5,5,5,2,2,3,1,5,3,4,3
S002,0,1,1,0,0,0,0,0,0,0,0,0,1,0,0,1,0,0,1,0,0,0,1,1,1,1,0,1,0,0,5,5,5,4,4,5,5,5,4,1,4,1,5,2,3,5,2,2,3,2,3,2,2,4,2,4
S003,1,1,1,1,1,1,1,1,1,1,0,0,1,1,0,1,0,0,0,0,0,0,1,1,1,1,0,0,0,0,2,3,1,4,1,1,3,3,5,3,2,2,4,3,2,5,3,4,3,4,2,1,3,4,2,2
S004,0,1,1,1,1,1,1,0,1,1,0,1,1,1,1,1,1,1,0,1,1,0,1,1,1,1,0,1,1,0,5,4,4,2,2,4,2,2,2,4,2,1,5,2,3,5,4,4,3,4,4,2,1,2,4,2
S005,1,1,1,1,1,1,0,0,0,0,0,0,1,0,1,0,0,0,0,0,0,0,1,1,1,1,0,0,0,0,5,2,3,4,3,1,1,5,4,1,3,1,4,4,5,4,1,4,1,1,5,1,2,2,4,1
S006,1,1,0,1,0,1,0,0,0,0,0,0,1,1,1,1,1,0,0,0,0,0,0,0,0,1,0,0,0,0,3,2,1,5,2,1,4,1,3,4,2,3,3,5,1,1,2,3,3,1,2,3,5,5,5,1
S007,1,1,1,1,1,1,1,1,1,1,1,1,0,1,1,1,1,1,1,0,1,1,1,1,1,1,1,1,1,1,1,5,3,4,2,4,3,5,3,2,3,4,4,4,4,3,1,4,3,4,1,3,1,5,1,5
S008,1,1,1,0,1,0,1,1,1,0,1,0,1,1,1,1,1,0,0,0,1,0,0,1,1,1,1,1,1,0,4,3,2,3,3,2,4,5,5,2,2,2,5,5,5,2,4,4,1,3,2,1,2,4,2,4
S009,1,1,1,1,1,0,0,0,0,0,0,0,1,0,0,1,0,0,0,0,0,0,1,0,1,0,0,0,0,0,4,5,2,4,2,2,1,4,4,4,3,4,2,5,4,5,3,3,4,1,2,3,4,2,4,2
S010,1,0,0,1,0,1,1,0,1,0,0,0,1,1,1,1,0,0,0,0,1,0,1,1,1,0,0,0,1,0,5,3,5,5,2,3,2,3,1,3,2,2,5,4,5,1,3,1,5,5,4,4,5,3,3,3
S011,1,1,1,0,0,0,1,0,0,1,0,0,1,0,1,0,1,0,0,0,0,0,1,1,0,1,0,0,0,0,3,3,5,4,1,5,5,3,3,4,4,3,2,3,1,1,2,1,4,2,5,1,1,2,4,3
S012,1,0,1,0,1,1,0,0,0,0,0,0,0,1,0,0,1,0,1,0,0,0,1,1,0,1,0,0,0,0,2,3,2,1,2,2,1,4,3,4,3,2,3,5,2,4,1,1,4,2,3,1,1,4,3,2
S013,1,0,1,1,1,1,1,1,1,0,0,0,0,1,1,0,1,0,1,0,0,0,1,1,1,1,0,0,0,0,4,3,3,4,1,2,5,5,5,2,4,4,5,3,3,3,3,1,3,3,3,2,2,1,1,5
S014,0,1,0,0,1,0,0,0,0,0,0,0,0,0,0,0,0,0,0,0,0,0,0,0,0,0,1,0,0,0,1,5,2,5,2,2,4,2,3,2,4,1,4,1,1,1,1,1,4,2,3,1,2,3,5,3
S015,1,0,0,0,0,0,0,0,0,0,0,0,0,0,0,0,0,0,0,0,0,0,0,1,0,0,0,0,0,0,3,1,3,3,2,1,4,5,5,1,4,4,4,2,4,3,3,4,4,5,3,3,4,2,3,3
S016,0,1,0,0,0,0,0,0,0,0,0,0,1,1,0,0,1,1,0,0,0,0,1,1,0,0,1,0,0,0,3,5,5,2,3,2,5,3,2,3,2,1,3,3,2,4,1,3,1,3,3,2,2,3,2,3
S017,0,1,0,1,0,0,0,0,0,0,0,0,1,0,1,0,0,1,0,0,0,0,1,0,1,0,0,0,0,0,3,5,3,4,3,3,5,3,2,4,2,1,5,3,5,1,3,3,4,2,4,1,3,3,3,1
S018,1,1,1,1,1,1,0,0,0,0,0,0,1,1,1,0,1,0,0,0,1,0,1,1,1,1,0,0,0,0,1,5,3,1,1,1,5,2,4,4,3,2,4,4,4,1,4,4,2,2,5,1,5,3,5,1
S019,1,0,1,1,0,0,0,0,0,0,0,0,1,0,0,0,0,0,0,0,0,0,1,0,1,0,0,0,0,0,5,4,3,3,4,1,1,3,2,3,2,2,2,1,1,5,1,1,5,5,3,3,1,4,4,1
S020,1,0,1,0,0,0,0,0,0,0,0,0,0,1,1,0,0,0,0,0,0,0,1,0,0,0,0,1,0,0,4,5,3,2,1,2,5,5,4,3,4,2,4,4,5,1,4,3,3,5,3,2,2,5,4,1
S021,1,1,1,1,1,1,0,1,1,1,1,0,1,0,0,1,1,1,1,1,0,0,1,1,1,0,1,1,0,0,2,2,3,5,2,1,4,3,4,4,4,1,5,5,5,3,5,5,2,3,4,1,3,4,4,2
S022,1,1,1,0,0,1,0,0,0,0,0,0,1,1,1,1,0,0,0,0,0,0,1,0,1,0,1,1,0,0,5,1,4,1,3,5,1,3,3,3,3,1,4,4,1,3,1,2,5,2,3,5,1,2,1,4
S023,1,0,1,1,1,1,1,1,0,1,0,0,1,1,0,0,0,1,0,0,0,0,1,1,1,0,0,0,1,0,4,2,2,5,2,2,3,4,2,5,1,3,4,3,3,2,3,3,5,5,2,4,5,3,3,4
S024,1,0,1,0,0,0,0,0,0,0,0,0,0,1,0,0,0,0,0,0,0,0,1,0,0,0,0,0,0,0,5,5,4,3,3,3,5,5,5,2,5,5,2,3,2,4,1,1,4,2,4,1,3,5,4,2
S025,1,1,0,1,0,0,1,0,0,0,0,0,1,1,1,0,0,0,0,0,0,0,1,0,1,1,0,0,0,0,4,1,2,5,4,4,5,5,5,1,5,4,3,1,2,4,1,2,2,2,5,1,1,5,3,3
S026,1,0,1,1,1,1,1,0,0,0,0,0,1,1,0,1,0,1,1,0,1,0,1,1,1,1,1,0,0,0,4,2,1,4,1,2,5,4,5,2,3,1,3,3,5,2,2,4,3,2,1,3,3,5,1,1
S027,0,1,1,0,0,0,0,0,0,0,0,0,0,0,0,0,0,0,0,0,0,0,0,0,1,0,0,0,0,0,4,1,3,5,1,1,5,1,2,3,3,3,5,3,4,2,5,3,4,5,3,5,1,2,3,3
S028,1,1,1,1,1,1,1,0,1,0,0,0,1,0,1,1,1,1,1,0,0,0,1,1,1,0,0,1,0,0,5,3,4,3,5,4,3,5,4,3,5,1,5,5,4,3,3,5,4,3,3,4,2,3,2,2
S029,1,1,0,1,0,1,0,0,0,0,0,0,1,0,1,0,0,0,0,0,0,0,1,1,0,1,0,0,0,0,5,2,4,4,4,2,4,5,4,3,3,2,1,1,2,4,3,1,2,5,2,3,1,5,1,5
S030,0,1,0,1,0,0,1,0,0,0,0,0,0,1,1,1,0,0,0,0,0,0,1,0,1,0,1,0,0,0,3,4,1,4,2,1,2,1,2,4,1,1,3,3,2,5,4,1,2,4,4,1,1,2,4,2
S031,0,1,0,1,0,0,0,0,0,0,0,0,1,1,1,0,0,0,0,0,0,0,0,1,1,0,0,0,1,0,4,4,4,2,5,2,3,3,2,3,2,3,5,3,5,4,2,4,4,4,4,3,3,3,1,3
S032,1,1,1,1,1,1,0,1,0,1,1,0,0,1,1,1,1,0,1,0,0,1,1,1,1,1,1,0,1,1,4,4,4,5,1,1,5,3,2,5,1,1,3,4,1,5,1,2,5,1,4,1,3,2,5,1
S033,1,1,1,0,0,1,0,0,1,0,0,0,1,1,1,1,0,1,0,0,0,0,1,1,0,0,0,1,0,0,4,4,2,2,2,2,5,5,2,1,2,3,5,4,3,3,4,2,5,2,2,3,2,4,2,4
S034,1,1,1,0,0,0,0,0,0,0,0,0,1,0,0,0,1,1,0,0,0,0,1,0,0,0,0,0,0,0,5,5,1,5,1,1,5,5,4,1,3,3,2,3,1,2,2,1,5,4,5,2,4,2,5,1
S035,0,1,1,1,0,1,1,1,0,0,0,0,1,1,1,1,1,1,0,0,0,0,1,1,0,1,1,1,1,0,1,3,2,3,1,2,4,5,1,4,2,1,4,4,3,2,1,2,2,4,3,2,4,1,3,1
S036,1,0,0,0,0,0,0,0,0,0,0,0,1,1,0,1,0,0,0,0,0,0,0,1,0,0,0,0,0,0,4,4,3,5,2,1,5,4,4,1,5,4,3,3,1,5,1,1,5,5,1,5,3,4,2,2
S037,0,1,1,0,1,1,1,0,0,0,0,0,1,1,1,0,1,0,1,0,0,0,1,1,0,1,1,1,0,0,5,3,1,4,2,1,2,4,2,4,2,1,5,4,4,2,4,3,5,3,3,4,1,4,3,5
S038,0,1,0,1,0,0,0,0,0,0,0,0,0,0,0,0,0,0,0,0,0,0,1,1,0,0,0,0,0,0,3,3,4,1,2,2,2,4,1,5,1,1,5,5,2,2,3,3,2,3,5,2,1,4,3,3
S039,1,1,0,0,0,0,0,0,0,0,0,0,0,1,0,0,1,0,0,0,0,0,1,0,0,1,0,0,0,0,5,5,5,1,1,2,4,3,5,5,4,3,2,2,3,5,1,1,5,1,4,2,3,2,4,3
S040,1,1,0,0,1,0,1,0,0,0,0,0,0,1,1,1,0,1,0,1,0,0,1,1,0,0,0,0,1,0,5,3,3,4,3,2,5,4,5,2,2,3,1,2,1,4,1,1,4,2,5,2,2,5,5,1
S041,1,1,1,1,1,1,1,0,1,1,0,0,1,1,0,1,0,1,1,1,0,0,1,1,1,0,0,0,0,0,5,5,5,3,3,3,5,5,5,1,5,5,5,3,5,2,4,2,3,2,5,1,3,3,3,1
S042,1,0,1,1,1,0,1,0,0,0,0,0,1,1,1,0,0,0,1,0,0,0,1,1,1,0,0,1,0,0,3,3,3,5,5,1,3,4,4,3,3,1,5,5,3,2,2,5,4,5,3,1,4,4,5,2
S043,1,1,1,0,0,1,0,0,0,0,1,0,1,0,1,1,0,0,0,0,0,0,1,1,1,1,0,0,0,0,5,3,4,1,5,2,5,4,5,1,3,4,1,4,5,2,5,4,2,3,3,1,5,3,2,1
S044,1,1,1,1,1,1,1,0,0,0,0,0,1,1,0,0,1,0,0,0,0,0,0,0,0,0,0,0,0,0,5,5,2,2,5,4,5,1,2,5,2,2,3,2,3,5,1,2,5,3,3,1,3,2,4,2
S045,0,0,0,1,0,0,0,0,0,0,0,0,0,0,0,0,0,0,0,0,0,0,1,0,0,0,0,0,0,0,3,1,1,5,1,1,4,2,4,4,2,4,5,3,3,5,3,1,1,2,2,1,1,5,1,4
S046,1,1,1,1,0,0,0,0,0,0,0,0,1,0,0,1,0,0,0,0,0,0,0,1,0,1,0,0,0,0,4,3,1,5,1,5,5,4,3,3,4,2,1,3,1,1,4,2,3,5,2,4,4,4,4,2
S047,1,0,0,1,1,0,0,0,0,0,0,0,1,1,0,1,1,1,1,0,0,0,1,1,1,0,0,0,0,0,5,5,1,1,3,4,2,3,3,3,4,3,1,2,4,2,1,1,5,1,4,3,5,2,5,1
S048,1,1,1,1,1,1,1,0,1,0,1,0,1,1,1,0,0,1,1,1,1,0,1,1,1,1,1,1,0,1,4,5,2,3,2,2,3,3,2,5,1,1,4,3,3,5,1,3,5,3,3,3,4,3,4,3
S049,1,1,0,1,1,1,1,1,0,0,0,0,1,1,1,1,1,0,1,0,1,0,1,1,1,1,0,0,0,0,5,1,3,3,2,2,3,3,5,2,4,3,5,5,3,2,3,2,4,5,3,3,2,3,2,4
S050,1,0,0,0,0,0,0,0,0,0,0,0,0,0,0,1,0,0,0,0,0,0,0,0,0,0,1,0,0,0,1,1,2,4,2,2,2,5,2,2,3,2,5,5,4,2,3,4,4,4,4,3,1,5,5,5
S051,1,1,1,1,0,1,0,0,0,0,1,0,1,1,1,1,0,1,0,0,0,0,1,1,1,1,0,0,0,0,3,2,1,4,1,4,4,5,2,4,2,2,4,4,3,4,2,3,5,4,3,2,5,3,3,2
S052,0,0,1,0,0,0,0,0,0,0,0,0,1,0,0,0,0,0,0,0,0,0,1,0,0,0,0,0,0,0,4,3,3,3,5,1,4,5,4,4,5,1,4,5,4,3,3,3,4,1,4,2,5,2,5,1
S053,1,1,0,0,0,0,1,0,0,0,0,0,0,1,1,0,0,0,0,1,0,0,1,1,1,0,0,0,0,0,5,5,4,1,5,3,5,5,3,4,2,2,3,3,2,2,1,1,5,4,5,2,1,5,1,5
S054,1,1,1,1,0,0,1,0,0,0,1,0,1,1,1,1,1,1,1,0,0,0,1,1,1,0,0,1,0,0,5,5,4,2,2,1,5,2,4,2,5,5,2,1,2,5,1,2,5,2,3,4,4,5,3,4
S055,1,1,1,1,1,1,1,0,1,1,1,0,1,1,1,1,1,0,0,1,1,0,1,1,1,1,1,1,0,1,3,5,1,3,3,3,2,3,3,5,3,2,5,2,3,5,3,2,4,1,4,1,4,2,4,1
S056,1,1,0,0,1,1,1,0,1,0,1,0,1,1,1,0,1,0,0,0,0,0,1,0,1,1,1,1,0,0,5,5,4,2,2,2,4,1,2,5,4,1,3,4,3,5,3,1,4,1,4,1,4,2,4,2
S057,1,1,0,0,1,0,0,0,0,0,0,0,1,1,0,0,0,1,0,0,0,0,1,1,1,0,0,0,0,0,3,2,5,4,3,1,4,5,2,2,2,2,5,4,5,3,3,1,4,2,4,2,4,2,5,1
S058,0,1,0,1,0,0,0,0,0,0,0,0,1,1,0,0,0,0,0,0,0,0,0,1,1,0,1,0,0,0,3,1,3,4,3,3,3,4,5,1,3,3,4,2,3,4,2,2,3,5,3,4,3,2,3,2
S059,1,1,1,1,1,1,1,0,1,0,0,0,1,0,0,0,0,0,1,0,0,0,1,0,1,1,1,0,0,1,4,2,4,1,2,3,5,4,3,2,1,4,4,5,4,2,5,3,3,4,4,2,2,4,4,4
S060,1,1,1,1,1,1,0,1,1,1,0,0,1,1,1,1,1,1,0,1,1,0,1,1,0,1,1,1,1,0,4,4,4,4,2,1,4,4,2,5,3,2,4,4,1,3,2,1,5,4,5,3,3,3,3,3
S061,1,0,1,0,1,1,0,0,1,0,0,0,0,0,1,0,0,0,0,0,0,0,1,1,0,0,0,0,0,0,2,5,2,3,3,2,5,5,3,3,4,4,4,3,4,2,2,1,5,5,3,1,4,1,5,1
S062,1,1,1,0,1,0,1,0,0,0,0,0,0,0,1,1,0,1,0,0,0,0,1,1,1,1,0,0,0,0,5,5,5,1,5,4,3,2,1,4,1,1,4,4,1,4,1,1,4,2,4,4,3,2,5,3
S063,1,1,1,0,0,0,0,0,0,0,0,0,0,1,1,0,0,0,0,0,0,0,0,0,0,1,0,0,0,0,5,4,5,4,2,3,5,5,3,1,4,4,1,2,1,5,1,2,4,1,3,1,1,2,5,1
S064,1,0,0,0,0,0,0,0,0,0,0,0,1,1,0,0,1,0,0,0,0,0,1,1,1,0,0,0,0,0,2,3,3,3,1,1,5,2,1,5,1,1,4,5,3,1,4,4,1,3,3,1,1,2,4,5
S065,1,1,1,1,1,1,1,1,1,0,0,0,1,1,1,1,1,0,1,1,0,0,1,1,1,1,0,0,1,0,4,5,4,1,5,4,4,3,3,4,1,1,5,5,3,1,4,3,3,4,3,1,5,1,4,4
S066,1,1,1,1,1,1,1,1,1,0,0,0,1,1,1,0,1,1,1,0,1,0,1,1,0,1,1,0,1,1,5,1,3,4,3,3,1,1,2,5,1,2,5,3,4,4,1,4,3,3,2,2,2,4,4,2
S067,1,1,1,0,0,0,0,1,0,0,0,0,0,1,1,1,0,1,0,0,0,0,1,1,0,1,1,0,0,0,1,2,1,5,2,1,3,4,3,5,1,1,3,4,3,4,3,3,1,1,5,1,4,3,5,1
S068,1,1,1,1,1,0,0,0,1,1,0,0,1,1,1,0,1,0,0,1,0,0,1,1,1,1,1,1,1,0,3,2,2,5,2,1,4,5,3,2,3,3,5,5,5,2,4,3,5,3,1,3,3,5,4,2
S069,1,1,1,1,1,0,1,0,0,1,0,0,1,1,1,0,0,1,0,0,0,0,1,1,1,1,0,1,1,0,1,1,2,5,1,1,4,1,2,5,2,3,3,2,1,5,1,1,3,4,1,5,1,5,2,3
S070,1,1,1,1,1,0,1,0,1,0,0,0,1,0,0,1,0,0,0,0,0,0,1,0,1,0,0,0,0,0,3,4,1,4,2,3,5,5,4,1,4,2,5,4,2,4,1,2,5,4,2,3,4,3,4,3
S071,1,1,1,1,1,0,0,1,0,0,0,1,1,1,1,0,1,1,0,1,0,0,1,1,1,1,1,1,0,0,5,3,3,2,1,1,4,3,3,4,3,1,3,4,5,3,4,2,4,3,2,4,2,5,3,1
S072,1,1,1,1,1,0,1,1,0,0,1,0,1,1,1,1,1,1,1,1,0,0,1,1,1,1,1,1,1,0,4,5,4,2,4,2,3,5,4,2,3,3,2,3,3,5,2,1,5,4,3,1,3,2,4,1
S073,1,1,1,1,1,1,0,1,0,0,0,0,1,0,0,0,0,0,0,0,0,0,1,1,1,1,0,0,0,0,5,5,3,3,1,3,4,5,4,4,3,4,2,2,4,4,1,1,5,3,3,2,2,3,3,1
S074,1,1,1,1,1,1,1,1,1,1,1,1,1,1,1,1,0,1,1,1,1,0,1,1,1,1,1,0,1,0,5,3,2,3,2,2,1,3,2,4,1,1,2,5,1,5,1,1,4,3,3,2,1,4,4,2
S075,1,0,0,0,0,0,0,0,0,0,0,0,1,0,0,0,0,0,0,0,0,0,1,0,0,0,0,0,0,0,3,5,3,2,5,2,5,2,2,4,3,3,5,5,4,2,3,1,5,5,4,1,1,5,1,5
S076,1,1,1,1,1,0,1,1,1,1,0,0,1,1,1,1,1,0,0,0,0,0,0,1,1,1,1,1,1,0,5,2,1,4,1,1,5,2,3,3,3,1,2,5,3,2,3,2,4,5,3,2,2,3,5,1
S077,1,1,1,0,1,0,0,0,0,0,0,0,1,0,1,1,0,0,0,0,0,0,1,0,1,1,1,0,0,0,4,3,3,4,4,3,5,3,2,5,1,1,3,3,1,2,1,2,3,4,3,2,1,5,1,3
S078,1,1,0,1,0,0,1,1,1,0,0,0,1,0,0,1,0,0,0,0,0,0,1,1,1,0,1,0,0,0,3,5,2,1,3,5,2,5,5,5,2,2,1,4,4,4,4,3,5,5,2,5,5,3,1,4
S079,1,1,1,1,1,0,0,0,1,0,0,1,1,0,1,1,1,1,0,1,0,0,1,0,1,1,0,0,0,1,1,2,3,4,1,1,5,5,5,1,4,3,4,1,3,5,1,3,3,5,4,3,1,2,3,4
S080,0,1,0,0,0,0,0,0,0,0,0,0,0,0,1,0,0,0,0,0,0,0,1,0,0,0,0,0,0,0,5,1,5,3,4,4,5,4,4,2,4,4,2,4,3,3,1,2,4,2,3,2,1,4,1,5
S081,0,1,0,1,1,1,0,0,0,0,1,0,1,1,1,0,1,0,0,0,0,0,1,1,1,0,0,0,0,0,5,5,4,3,4,1,5,2,3,2,2,2,3,3,4,3,3,2,5,3,2,4,2,5,3,4
S082,1,1,1,1,0,1,1,0,0,0,0,0,0,0,1,0,1,1,0,0,1,0,1,0,1,1,0,0,0,0,3,3,2,4,2,2,4,5,4,2,3,2,5,4,2,3,1,3,5,5,2,5,1,5,3,1
S083,1,1,1,1,1,1,0,1,1,1,0,0,1,1,1,1,1,1,1,1,1,0,1,0,1,1,1,1,1,1,5,5,4,2,4,3,2,2,5,2,1,3,4,3,2,5,2,3,2,2,4,1,4,3,5,2
S084,0,1,0,0,0,0,0,0,0,0,0,0,1,1,0,0,1,1,1,0,0,0,0,0,1,1,0,0,0,0,5,5,5,2,3,4,5,4,5,3,5,5,2,3,4,4,3,1,1,1,5,1,2,4,2,5
S085,0,0,1,0,0,0,0,1,0,0,0,0,0,1,1,1,0,0,0,0,0,0,1,1,0,1,0,0,0,0,4,4,5,1,4,4,5,4,4,4,2,3,3,4,3,3,2,3,1,3,2,1,2,3,1,5
S086,1,1,0,0,0,0,0,0,0,0,0,0,0,0,1,0,1,0,0,0,1,0,1,1,1,0,0,0,0,1,5,4,4,3,2,1,5,3,2,1,2,4,1,4,3,4,3,3,2,1,5,2,3,4,3,2
S087,1,1,1,1,1,1,1,1,1,0,0,0,1,1,1,0,1,0,0,0,1,0,0,1,1,1,1,0,0,0,5,3,3,2,3,2,5,5,5,2,4,5,5,4,2,1,3,2,1,2,2,2,2,1,4,2
S088,1,1,1,0,1,1,1,0,0,1,1,0,1,0,1,1,1,1,0,1,0,0,0,0,0,1,1,1,0,0,1,2,3,5,1,1,3,1,4,4,2,4,4,4,2,5,1,1,4,2,4,4,3,5,4,4
S089,0,1,1,1,0,1,0,0,0,0,0,0,1,0,0,1,0,0,0,1,0,1,1,1,1,1,0,0,0,0,4,5,3,3,4,4,5,1,4,3,3,3,4,2,5,1,2,1,4,2,4,1,1,3,4,1
S090,1,1,1,1,1,1,0,1,0,1,0,0,1,1,1,1,1,0,0,0,0,0,1,1,1,1,1,0,0,0,3,4,1,5,2,1,1,3,2,4,2,2,5,3,2,2,4,4,5,1,1,3,2,5,2,1
S091,1,1,1,0,1,0,0,0,0,0,0,0,1,1,0,0,1,0,1,0,0,0,1,1,0,0,1,0,0,0,4,2,4,4,2,3,5,3,3,3,3,2,1,2,2,4,1,2,2,5,3,2,1,5,2,4
S092,1,1,1,1,1,1,1,1,1,0,0,0,1,1,1,1,1,0,0,0,0,0,1,1,1,1,0,0,0,0,4,3,1,2,4,3,5,2,2,2,2,1,1,3,1,5,1,1,4,3,3,4,2,3,4,4
S093,0,0,1,0,0,0,0,0,0,0,1,0,0,1,0,0,0,0,0,0,0,0,1,0,1,0,0,0,0,0,4,5,2,5,2,4,5,4,4,2,2,2,3,4,1,2,1,2,4,2,2,1,4,4,3,3
S094,0,0,1,1,1,1,0,1,0,0,0,1,1,0,1,1,1,0,1,0,0,0,1,1,1,0,0,0,0,0,5,4,4,3,2,1,5,3,2,4,2,1,5,4,5,3,2,3,1,1,4,1,1,5,2,3
S095,1,1,1,1,0,0,0,1,0,0,0,1,1,1,1,0,1,0,0,0,0,0,1,1,0,0,1,0,0,0,5,5,3,4,4,4,3,5,4,3,4,2,2,2,1,5,1,1,4,4,3,3,2,5,1,3
S096,0,1,1,0,0,0,1,0,0,0,0,0,0,0,1,0,0,0,0,0,0,0,1,0,0,0,0,0,0,0,4,4,3,4,1,1,1,1,2,4,3,2,3,2,3,4,2,3,3,5,3,1,5,1,5,1
S097,1,1,1,1,0,1,1,0,1,0,1,0,1,1,1,1,0,0,0,1,0,0,1,1,1,1,0,1,0,0,2,3,4,2,1,3,2,5,1,3,3,1,3,5,1,2,3,2,5,3,4,3,2,3,5,1
S098,1,1,0,0,1,0,1,1,0,0,0,1,1,1,1,1,1,1,1,1,1,1,1,1,1,0,0,0,0,1,3,2,2,4,2,2,1,2,1,5,3,2,3,5,4,1,4,4,4,1,4,1,1,5,2,5
S099,1,1,1,1,0,0,1,1,0,0,0,0,1,1,1,1,1,0,0,0,0,1,1,1,1,0,1,0,1,0,3,4,2,3,3,2,5,3,3,3,4,4,5,4,3,3,3,4,2,2,5,1,1,5,1,4
S100,1,1,1,0,0,0,1,0,0,0,0,0,1,1,0,1,0,0,0,0,0,0,1,1,1,0,1,0,0,0,4,4,2,3,2,3,3,2,4,3,4,1,4,3,2,4,1,2,5,4,2,3,2,3,4,1
S101,0,1,1,0,1,0,1,0,0,0,0,0,1,1,0,0,0,0,0,0,0,0,1,0,0,0,0,0,0,0,5,4,2,1,3,1,5,5,5,2,2,2,2,1,4,3,2,2,3,3,3,5,3,1,5,3
S102,1,1,1,1,1,0,0,0,0,0,0,0,1,1,0,1,0,0,0,0,0,0,1,1,1,0,0,0,1,0,3,3,1,3,2,1,1,1,2,5,1,1,4,5,1,2,4,3,5,2,5,4,2,2,1,3
S103,0,0,0,1,1,1,1,0,1,0,0,0,0,0,0,0,0,0,0,0,0,0,1,0,1,0,0,0,0,0,1,5,2,3,5,2,5,5,4,1,4,5,5,4,3,4,1,2,2,2,4,2,2,4,2,3
S104,1,0,1,0,0,0,1,0,0,0,0,0,1,1,0,0,0,1,0,0,0,0,0,1,1,0,0,0,0,0,5,4,4,2,5,5,4,2,4,4,1,4,4,2,1,3,2,3,4,4,2,3,4,1,4,1
S105,1,0,0,0,1,1,1,0,1,1,0,0,0,1,1,1,0,1,0,0,0,0,1,0,0,1,0,0,0,0,5,3,3,1,4,4,4,5,4,2,4,5,5,2,4,3,2,2,1,4,2,1,4,2,5,1
S106,1,1,1,1,0,1,0,0,0,0,0,0,1,1,1,1,1,1,0,0,1,0,1,1,1,1,1,0,0,0,5,5,5,1,5,5,2,3,3,3,2,4,2,4,3,3,1,1,5,3,1,5,3,2,3,3
S107,1,1,1,1,1,1,1,1,1,1,1,1,1,1,1,1,1,0,1,1,0,0,1,1,1,1,1,1,1,1,3,3,3,3,2,3,4,2,4,3,3,2,4,3,3,3,4,1,3,2,4,1,4,3,5,5
S108,1,1,1,1,1,0,0,0,0,0,0,0,1,1,1,1,1,0,0,0,0,0,1,1,1,0,1,0,0,0,2,2,3,5,1,1,4,3,1,4,2,1,5,5,4,1,5,3,5,5,3,3,5,1,4,1
S109,1,1,0,1,1,1,1,0,0,0,0,0,1,1,1,1,0,0,0,1,0,0,1,1,0,1,0,1,0,0,2,2,1,5,1,2,4,4,2,5,4,2,5,1,4,3,4,3,5,4,4,1,2,4,3,4
S110,1,1,1,1,0,1,0,0,0,0,0,0,0,0,0,1,0,0,0,0,0,0,1,1,0,0,0,0,1,0,5,3,3,1,5,3,5,4,4,2,5,3,2,3,2,5,3,1,4,2,5,2,2,4,1,3
S111,1,0,0,0,0,0,0,0,0,0,0,0,1,1,0,1,0,0,0,0,0,0,0,0,0,0,0,0,0,0,5,4,4,2,4,4,5,5,4,2,1,3,2,4,2,1,2,2,4,5,4,1,1,5,2,3
S112,0,1,1,1,1,1,1,0,1,0,0,0,1,1,0,1,0,0,1,1,0,0,1,1,1,0,1,0,0,0,4,3,3,3,1,3,2,4,3,1,2,2,1,2,2,5,1,1,4,4,2,3,3,4,4,1
S113,0,1,1,1,1,1,1,0,1,0,0,0,1,0,0,1,0,1,0,0,0,0,1,1,0,0,1,1,1,0,5,4,2,3,3,1,5,5,4,2,3,4,5,5,5,3,4,4,5,3,4,3,2,1,3,4
S114,1,1,1,1,1,1,1,1,1,1,1,1,1,1,1,1,0,1,1,1,1,1,1,1,1,1,1,1,1,0,3,2,3,5,2,1,4,3,4,2,2,2,4,2,4,5,3,1,4,2,4,1,3,2,5,2
S115,1,1,1,1,0,1,0,0,0,0,0,0,1,1,1,0,0,1,0,1,0,0,1,1,1,0,0,0,0,0,5,5,5,1,5,2,5,5,5,2,3,2,4,3,3,5,2,3,5,3,3,2,1,4,2,3
S116,1,1,1,1,1,0,0,1,1,0,0,0,1,1,1,1,0,0,0,0,0,0,1,1,1,0,1,0,0,0,5,5,2,1,3,5,5,4,5,1,3,3,5,5,5,1,4,5,4,2,5,3,3,5,3,4
S117,1,1,0,1,1,0,0,1,1,0,0,0,1,1,1,0,1,0,1,0,0,0,1,1,0,0,0,0,0,0,4,2,4,2,3,1,5,5,5,1,4,5,5,4,5,3,4,2,4,2,5,1,3,4,4,1
S118,0,1,1,0,0,0,0,0,0,0,0,0,1,0,1,0,0,0,0,0,0,0,1,1,0,0,0,0,0,0,5,5,5,3,2,3,4,3,4,3,3,1,3,4,2,3,2,4,1,3,4,1,3,4,1,1
S119,0,1,0,1,1,0,0,1,0,0,0,0,1,1,1,1,1,0,0,0,1,0,1,1,1,1,1,0,1,0,4,5,3,3,5,4,3,1,4,3,3,4,5,5,2,4,3,1,1,2,5,1,2,5,2,1
S120,1,0,1,1,0,1,1,0,0,1,1,0,1,1,1,1,1,1,1,1,1,0,0,1,0,1,1,1,0,1,2,4,3,2,3,2,5,5,5,4,1,4,5,5,5,3,3,3,4,3,3,4,1,4,1,4
S121,1,1,1,0,1,1,1,1,1,1,0,0,1,1,1,0,1,1,1,0,1,0,0,1,1,1,0,1,0,0,4,4,2,4,1,1,5,5,2,2,3,4,2,5,2,4,2,2,5,5,1,4,1,2,2,3
S122,1,0,0,0,0,0,0,0,0,1,0,0,1,1,1,0,0,0,0,0,0,0,1,0,0,0,0,0,0,0,2,2,4,3,3,3,3,3,4,1,5,4,5,1,1,4,1,1,4,4,2,3,1,4,2,5
S123,0,1,1,1,1,1,1,1,0,1,1,0,1,1,1,1,1,1,1,0,0,0,1,0,1,1,1,1,1,1,5,5,3,1,5,3,5,1,3,2,3,3,2,5,4,1,3,3,5,4,3,2,1,5,2,2
S124,1,1,1,0,0,0,1,0,0,0,0,0,1,0,1,0,0,0,0,0,0,0,1,0,0,0,0,1,0,0,5,5,5,2,5,4,2,1,2,3,1,1,3,1,1,4,1,1,2,4,3,3,2,5,1,3
S125,1,1,1,0,0,0,1,1,0,1,0,0,1,1,0,1,1,1,1,0,1,0,0,1,1,1,1,1,1,0,5,1,5,2,4,3,3,5,4,4,3,3,5,3,5,2,4,5,4,3,3,1,3,5,1,4
S126,1,1,1,1,1,1,1,1,1,0,1,0,0,1,1,1,1,1,1,1,1,1,1,1,1,1,1,1,1,1,3,3,2,5,1,1,5,3,2,4,1,2,5,2,4,1,3,4,4,4,3,3,1,3,4,1
S127,0,1,0,0,0,0,0,0,0,0,0,0,0,1,0,1,0,0,0,0,0,0,1,0,1,0,1,0,0,0,1,2,4,5,1,1,4,4,4,5,1,3,4,3,3,5,1,3,5,2,3,1,1,5,1,5
S128,1,0,0,0,0,0,0,0,0,0,0,0,0,0,0,0,1,0,0,0,0,0,1,1,1,0,0,0,0,0,4,4,5,5,2,2,2,2,2,5,3,1,4,5,5,2,4,2,4,5,4,1,1,2,2,2
S129,0,1,1,1,1,0,1,1,0,0,0,0,1,1,0,1,0,0,0,1,0,0,1,1,1,1,0,0,0,0,4,5,2,1,3,4,5,4,3,2,1,2,4,3,2,3,4,2,4,3,4,2,3,1,4,1
S130,1,1,1,1,1,0,1,0,0,0,0,0,1,1,1,0,0,1,0,0,0,0,1,0,1,0,0,0,0,0,5,3,5,2,4,5,5,4,2,3,2,2,5,2,4,4,1,3,3,3,3,5,1,4,4,2
S131,0,0,0,0,0,0,0,0,0,0,0,0,1,0,0,0,1,0,0,0,0,0,0,0,0,0,0,0,0,1,2,1,1,5,1,1,1,1,5,2,1,1,4,4,2,3,3,1,4,4,3,2,1,3,1,1
S132,1,0,1,1,0,1,1,1,0,0,0,0,1,1,0,1,1,0,0,0,0,0,1,1,1,1,1,1,0,0,5,5,5,1,5,3,5,3,5,5,4,3,3,2,2,5,1,2,5,5,5,4,1,1,5,1
S133,1,1,0,0,0,0,0,1,0,0,0,0,1,0,0,0,0,0,0,0,0,0,1,1,0,0,0,0,0,0,3,3,4,3,1,2,5,3,5,2,2,3,3,4,3,2,1,1,4,4,2,2,5,5,3,3
S134,1,1,1,1,0,1,1,0,1,0,0,0,1,1,1,1,1,0,0,0,1,0,0,1,1,1,1,0,0,1,5,4,2,3,1,1,3,5,5,2,2,1,5,4,4,2,4,3,5,5,3,5,2,5,3,2
S135,1,1,0,1,0,0,0,0,0,0,0,0,1,1,0,0,0,0,0,0,0,0,0,0,0,0,0,0,0,0,4,2,3,5,1,1,4,4,1,5,2,2,4,2,2,2,3,3,5,1,4,2,1,4,5,1
S136,1,1,1,1,1,1,1,1,1,1,0,1,1,1,1,0,1,1,1,0,0,0,1,1,1,1,1,1,1,0,4,1,2,4,1,1,3,5,5,3,3,3,5,2,3,4,3,3,1,3,4,1,1,5,1,3
S137,1,0,0,1,1,1,0,0,0,0,0,1,0,1,1,0,1,0,0,0,0,0,1,0,1,0,0,0,0,0,2,5,3,4,2,2,5,4,3,4,3,1,2,2,2,4,1,2,5,3,3,3,3,1,4,3
S138,1,1,0,0,1,0,0,1,0,0,0,0,1,1,1,0,0,1,0,0,0,0,1,1,0,0,0,0,0,0,4,5,2,5,3,1,4,4,2,4,1,1,2,4,2,2,4,4,4,5,3,3,2,4,3,3
S139,1,1,1,1,1,1,0,0,1,1,0,0,0,1,1,1,1,0,1,1,1,0,1,1,1,1,0,0,0,0,3,2,1,5,2,1,3,4,3,1,4,2,4,5,5,1,4,5,1,3,5,1,2,3,3,1
S140,0,0,0,1,0,1,0,0,0,0,0,0,1,0,0,0,1,0,0,0,0,0,1,1,1,0,1,0,0,0,1,2,2,5,2,1,5,4,4,1,5,1,2,2,2,5,1,1,3,3,5,1,2,5,3,3
S141,1,1,0,1,1,0,0,1,0,0,0,0,1,0,1,1,1,0,1,0,1,0,1,1,1,1,1,0,0,0,3,2,5,4,3,2,5,2,2,1,2,1,4,3,5,4,1,5,5,4,2,2,1,2,1,5
S142,1,1,1,0,1,1,1,1,1,1,0,0,1,0,1,1,1,1,0,0,1,0,1,1,1,1,1,1,0,1,5,4,5,1,5,4,5,5,5,1,2,2,5,5,5,1,5,4,3,4,3,3,1,3,2,3
S143,1,0,0,1,0,0,0,0,0,0,0,0,1,1,0,0,0,0,0,0,0,0,1,0,0,0,0,0,0,0,4,2,3,4,3,2,5,5,2,2,1,1,3,5,4,1,2,2,1,5,3,3,1,1,3,1
S144,1,0,0,1,1,1,0,0,1,0,0,0,1,1,1,0,0,1,0,0,0,0,0,1,1,0,1,1,0,0,5,2,2,4,1,1,1,3,4,3,3,3,5,3,5,1,2,2,5,3,3,2,5,5,3,1
S145,1,1,1,1,1,0,1,0,0,0,0,0,1,1,1,0,1,0,0,0,1,0,1,1,1,0,0,1,0,0,1,5,2,5,5,3,5,2,3,3,2,2,1,4,3,4,2,3,4,4,3,4,5,3,5,1
S146,1,1,1,1,1,1,1,1,0,0,0,0,1,1,0,1,1,0,1,0,0,0,1,1,1,0,0,0,0,0,5,3,2,5,1,1,4,4,2,4,3,1,5,5,5,4,1,2,4,5,2,5,5,2,5,3
S147,1,1,0,0,0,1,0,0,0,0,0,0,1,0,1,1,0,0,0,0,0,0,1,0,0,0,1,0,0,0,2,1,1,5,1,1,3,5,1,3,2,1,3,1,1,5,1,1,2,2,5,1,1,1,4,2
S148,1,0,0,1,0,0,1,0,0,0,0,0,1,0,0,0,0,0,0,0,0,0,1,1,0,0,0,0,0,0,4,3,3,1,2,2,3,3,3,5,2,1,5,5,4,1,2,2,1,3,3,1,4,2,5,1
S149,1,1,1,1,1,0,0,0,0,0,0,0,1,1,1,1,0,0,0,0,0,0,1,1,0,0,0,0,0,0,5,3,3,2,5,3,5,4,4,4,5,5,3,5,5,2,1,2,3,3,3,2,4,4,3,1
S150,1,1,1,1,1,0,1,0,1,1,0,0,1,0,0,1,1,0,0,0,0,0,1,1,1,1,1,1,0,0,3,5,5,1,5,4,5,2,2,2,2,1,5,5,5,2,5,4,2,1,4,1,2,5,3,5
S151,0,0,1,1,0,1,1,1,0,0,1,0,1,0,1,1,1,1,0,0,0,0,1,0,1,1,0,0,1,0,5,5,5,1,5,3,3,2,2,5,1,1,3,4,3,1,3,4,4,3,4,1,4,2,4,2
S152,1,1,1,1,1,1,1,0,1,0,0,0,1,0,1,1,0,0,1,1,0,0,1,1,1,0,0,1,0,1,5,4,4,2,4,4,4,3,1,3,1,1,4,4,3,4,2,3,4,4,1,3,1,5,2,3
S153,1,0,1,0,1,0,0,0,0,0,0,0,1,0,0,0,0,0,0,0,0,0,1,1,1,1,0,0,0,0,3,3,1,3,2,2,4,4,2,3,2,2,4,3,3,2,2,1,5,3,3,3,1,4,3,2
S154,0,1,1,1,1,1,1,0,0,1,0,0,1,1,0,1,0,1,0,0,0,0,1,1,0,0,1,0,0,0,5,2,5,4,4,1,1,2,2,5,1,1,3,1,2,3,3,3,3,5,5,3,1,4,3,5
S155,0,1,1,1,1,0,0,0,0,0,0,0,1,1,1,1,0,1,0,1,1,0,0,0,0,0,1,0,0,0,5,4,5,2,5,4,5,4,4,1,4,4,5,5,3,5,3,3,3,1,3,1,5,2,5,1
S156,1,1,0,1,0,0,0,0,0,0,0,0,0,1,0,1,0,0,0,0,0,0,0,1,0,0,0,0,0,0,5,1,4,3,4,3,5,5,3,1,3,3,5,5,3,4,3,2,2,1,5,3,1,4,2,3
S157,1,1,1,0,1,1,1,1,1,0,1,0,1,1,1,1,1,1,1,0,1,0,1,1,1,1,1,1,1,1,4,3,3,4,2,3,4,3,1,5,2,1,5,2,4,4,3,2,3,3,5,2,4,4,4,2
S158,1,1,1,0,0,1,0,1,1,0,0,0,1,1,0,0,0,1,0,1,0,0,1,1,1,0,0,0,0,0,5,2,3,3,2,3,5,5,5,1,5,5,5,5,5,2,3,5,2,2,5,2,1,5,1,3
S159,1,1,0,0,0,0,0,0,0,0,0,0,0,0,0,0,0,0,1,0,0,0,1,1,0,1,0,0,0,0,5,3,3,3,4,3,3,5,3,1,4,4,1,3,3,4,4,1,5,4,1,4,4,4,2,1
S160,1,1,1,1,0,1,1,1,1,0,0,1,1,1,1,1,0,0,1,1,0,0,1,1,1,0,0,1,1,0,2,4,2,5,1,2,3,4,5,4,1,2,5,3,5,5,4,2,4,4,2,1,4,3,2,2
S161,1,0,1,1,0,0,0,0,0,0,0,0,1,0,0,0,0,0,0,0,0,0,0,1,0,1,0,0,0,0,4,4,3,4,4,2,1,2,1,5,1,1,5,5,4,1,3,3,1,1,4,1,5,1,4,3
S162,1,1,1,1,1,1,1,1,0,0,1,0,1,0,1,1,1,0,1,0,1,1,1,1,1,1,1,1,0,1,2,3,4,5,2,2,5,5,5,2,4,4,5,3,2,4,2,3,1,1,1,1,3,2,5,2
S163,1,1,1,1,1,1,1,1,1,0,0,0,1,1,1,1,1,1,1,0,0,0,1,1,1,1,0,1,0,0,4,5,2,1,4,1,4,5,1,5,2,1,1,2,1,5,1,1,4,5,3,1,1,5,4,4
S164,0,1,1,0,0,1,1,0,1,0,0,0,1,1,1,1,0,0,0,0,0,0,0,0,1,1,0,0,0,0,2,2,1,5,2,3,5,1,1,5,1,1,4,4,4,5,1,1,4,4,2,3,5,3,3,2
S165,1,1,0,1,0,1,0,0,1,0,0,0,1,1,1,1,0,1,1,0,0,0,1,0,1,1,1,1,0,0,1,4,3,5,2,1,5,5,5,2,3,3,4,3,3,3,5,2,5,5,1,3,2,3,4,5
S166,1,1,1,0,1,1,1,0,1,0,0,0,1,1,1,1,1,1,0,0,0,0,1,1,1,1,1,1,0,0,3,3,2,2,3,2,5,5,5,1,3,3,3,4,4,1,4,3,2,5,2,2,2,1,5,3
S167,1,0,0,1,0,0,1,0,1,1,0,0,1,1,1,1,1,1,0,1,0,0,1,1,1,1,0,0,0,0,4,3,3,4,3,3,5,4,3,1,4,4,3,3,2,5,1,2,4,4,5,2,3,4,4,3
S168,1,1,1,1,1,1,1,1,0,1,1,1,1,1,1,1,1,1,1,1,1,1,1,1,1,1,1,1,1,1,5,5,5,3,4,4,5,5,3,4,2,3,3,4,4,4,2,1,5,1,2,1,5,4,5,1
S169,0,0,1,0,0,0,1,0,0,0,0,0,1,1,1,1,1,0,0,0,0,0,0,1,0,1,1,0,1,0,1,1,1,5,2,1,4,4,4,3,5,2,4,3,4,1,4,4,4,3,5,1,2,4,2,3
S170,1,0,0,1,1,0,0,1,0,0,0,0,0,0,0,1,0,0,0,0,0,0,1,0,1,0,0,0,0,0,4,5,5,4,4,2,5,5,5,2,3,4,2,4,5,2,2,5,5,4,2,4,1,3,3,4
S171,1,1,0,1,0,0,1,0,0,0,0,0,0,0,1,0,0,0,0,0,0,0,1,0,0,0,0,0,0,0,5,3,4,3,3,4,5,5,2,1,3,4,5,5,2,4,2,1,5,5,2,1,4,2,4,2
S172,0,1,0,0,0,0,0,0,0,0,0,0,1,1,0,0,0,0,0,0,0,0,1,1,0,0,0,0,0,0,3,1,2,5,2,2,5,4,4,3,3,1,1,3,2,2,3,2,5,4,2,2,1,2,4,4
S173,1,1,1,1,1,0,0,0,0,0,0,0,1,1,0,0,1,0,0,0,0,0,1,1,0,0,1,0,0,0,3,3,3,4,2,2,5,5,4,4,2,4,5,3,3,3,3,1,2,3,5,2,2,3,2,2
S174,0,1,1,1,0,0,1,0,1,0,0,0,1,1,1,1,0,1,0,1,0,0,1,1,0,1,0,1,0,0,5,1,4,3,2,2,5,3,5,2,3,2,1,4,5,5,2,2,5,2,5,3,3,4,3,1
S175,1,1,1,1,1,1,0,0,0,1,0,0,1,1,0,1,1,1,1,1,0,0,1,1,1,1,1,0,0,0,3,1,1,4,1,1,2,2,3,5,1,2,3,3,5,1,5,4,5,2,5,3,5,5,5,2
S176,1,1,1,1,1,1,0,1,0,0,0,0,1,1,1,1,0,1,1,0,0,0,1,1,1,1,0,0,1,0,4,1,1,4,3,1,3,3,2,5,5,3,4,5,4,2,4,1,5,5,1,5,4,1,4,1
S177,1,1,1,0,1,0,0,0,0,0,0,0,0,1,1,1,1,1,1,0,1,0,1,0,1,1,1,0,0,0,2,2,1,5,1,1,5,2,2,5,1,1,5,4,5,2,3,4,2,2,5,1,3,2,4,3
S178,1,1,1,1,1,1,1,1,1,0,1,1,1,1,1,1,1,1,1,0,1,1,1,1,1,1,1,1,0,0,1,5,5,2,4,3,2,2,4,2,3,2,5,1,5,1,5,5,5,2,1,3,3,2,4,3
S179,0,1,0,0,0,0,1,0,0,1,0,0,1,1,0,0,1,0,0,0,0,0,1,1,0,1,0,0,0,0,5,4,5,1,5,3,2,3,3,5,1,3,5,4,4,1,1,2,5,3,1,4,3,4,2,3
S180,1,1,1,1,1,1,1,1,1,1,1,1,1,1,1,1,1,1,1,1,1,1,1,1,1,1,1,1,1,0,5,3,4,4,5,3,3,2,3,4,1,1,3,1,2,3,2,1,3,5,5,1,3,1,1,4
S181,1,1,1,1,0,1,0,1,0,0,0,0,1,1,0,1,1,1,1,0,0,1,0,1,0,1,0,0,0,0,3,5,5,1,2,1,4,5,5,3,3,2,5,2,2,4,1,2,5,2,4,2,1,5,3,4
S182,1,1,0,0,1,1,0,0,0,0,0,0,0,1,1,0,1,1,0,0,0,0,1,0,0,0,0,0,0,0,2,5,1,4,2,2,5,2,3,1,4,3,4,4,5,4,3,3,3,2,5,2,2,4,5,3
S183,0,1,0,0,1,0,0,0,0,0,0,0,0,1,1,1,0,0,0,0,0,0,0,0,0,0,0,0,0,0,4,2,2,3,3,3,4,5,2,3,3,4,3,2,4,4,1,2,2,4,3,1,4,3,4,2
S184,0,1,1,0,1,1,1,0,0,0,0,0,1,0,1,1,1,1,0,0,0,0,1,1,1,1,1,1,0,0,5,3,5,3,1,4,4,2,2,5,1,2,5,5,4,4,4,3,5,4,1,2,1,4,4,2
S185,1,1,0,1,0,0,0,0,0,0,0,1,1,1,1,1,1,0,0,0,1,0,0,0,0,0,1,0,0,0,4,5,2,5,2,1,5,5,1,4,1,1,4,2,1,2,2,1,2,1,1,1,1,4,4,3
S186,1,1,1,1,0,1,1,0,0,0,0,0,1,0,1,1,1,1,1,0,0,0,1,1,1,1,1,0,0,0,3,3,5,2,3,1,5,5,2,3,4,4,5,5,3,2,1,4,5,5,2,5,4,4,3,2
S187,1,1,1,1,1,1,1,0,0,0,0,0,1,1,0,0,0,1,0,1,1,0,1,1,1,0,0,0,0,0,4,3,2,3,3,3,3,4,2,4,1,1,5,3,5,4,3,2,2,2,5,1,2,1,3,5
S188,0,1,0,0,0,0,1,0,0,0,0,0,0,1,0,1,0,0,1,0,0,0,0,1,1,1,0,0,1,0,2,2,5,4,2,1,4,5,4,3,2,4,5,4,1,2,4,3,5,3,4,2,5,1,3,1
S189,1,1,0,1,1,0,0,0,0,0,0,0,1,1,0,0,1,0,0,0,0,0,0,1,0,1,1,0,0,0,4,5,4,1,4,3,5,5,2,2,2,3,4,4,4,3,3,3,3,5,3,3,2,3,3,2
S190,1,0,0,0,0,0,0,0,0,0,0,0,1,1,0,0,0,0,0,0,0,0,0,1,0,0,0,1,0,0,1,5,4,4,1,3,3,2,3,3,1,1,3,2,2,4,1,3,5,3,1,4,1,5,1,3
S191,0,1,1,0,0,0,1,0,0,0,0,0,1,1,0,0,0,0,1,0,0,0,1,1,0,0,0,0,1,0,5,4,1,5,3,2,4,5,1,1,2,1,5,5,3,4,4,2,1,2,5,1,5,2,3,1
S192,1,1,1,1,1,1,1,1,1,0,0,0,1,1,1,1,1,1,1,0,0,1,1,1,1,1,1,1,0,0,5,4,4,2,2,5,2,3,1,5,3,1,2,3,4,3,3,1,4,2,4,2,4,3,2,1
S193,1,1,1,1,1,0,0,0,1,0,0,0,1,1,0,1,0,1,0,0,0,0,1,1,0,1,1,1,0,0,4,2,3,4,1,2,2,3,2,1,1,1,2,2,2,1,3,2,5,5,1,3,3,4,2,1
S194,1,0,0,0,0,1,0,0,0,0,0,0,0,1,0,0,1,0,0,0,0,0,0,0,1,0,0,0,0,0,2,3,5,1,2,3,4,5,2,4,4,3,2,2,1,4,1,2,1,3,4,1,1,3,3,3
S195,1,1,1,1,1,1,0,1,1,0,0,0,0,1,0,1,0,0,0,0,0,0,1,1,1,1,0,0,0,0,4,5,2,3,4,2,3,3,3,4,1,1,5,4,5,3,3,2,5,3,4,2,1,4,2,3
S196,1,1,1,0,0,1,0,0,0,0,0,0,0,1,1,1,1,0,0,1,0,0,1,1,1,1,0,0,0,0,3,5,2,5,2,4,5,5,5,3,3,5,5,5,5,3,5,4,2,3,3,1,4,5,2,3
S197,1,1,0,0,0,0,0,0,0,0,0,0,1,1,1,1,0,0,0,0,0,0,0,1,0,0,0,0,0,0,4,4,3,3,3,2,5,5,4,2,2,2,3,4,3,3,1,4,1,3,4,3,1,4,2,3
S198,1,1,1,1,1,0,0,0,1,0,0,0,1,1,1,0,1,0,1,0,0,0,1,0,0,0,1,0,0,0,4,3,1,5,1,2,4,3,3,3,3,3,5,3,3,2,1,3,2,2,1,1,4,1,3,1
S199,1,1,1,1,0,1,1,0,0,0,0,0,1,1,1,1,0,0,0,0,1,0,1,0,1,1,0,0,0,0,5,3,5,2,4,3,5,3,3,2,3,1,3,4,2,3,4,5,4,3,5,3,1,5,3,2
S200,0,1,0,1,1,1,0,0,0,0,0,0,1,1,1,0,1,1,1,0,0,0,0,0,1,0,0,0,0,0,3,3,2,3,2,1,1,3,3,1,4,5,2,3,2,2,1,1,3,4,5,2,1,5,4,5
S201,1,1,0,1,0,1,0,1,1,0,0,0,1,1,1,1,1,1,0,1,0,1,1,1,1,1,0,0,0,0,1,3,2,5,3,3,4,3,2,2,1,3,5,5,3,3,4,4,5,4,2,4,1,1,2,2
S202,1,1,1,1,1,1,0,1,0,0,0,0,1,1,1,1,0,0,1,1,0,0,1,0,1,1,1,1,0,0,3,4,5,2,2,1,5,5,3,3,4,3,5,3,3,3,2,2,4,5,5,3,2,5,2,1
S203,1,1,1,1,1,1,1,1,1,1,0,0,1,1,1,1,1,1,1,1,0,1,1,1,0,1,0,1,0,0,4,2,2,4,1,3,5,3,4,5,5,4,5,4,3,1,3,1,4,3,3,3,1,5,1,5
S204,1,1,1,1,0,1,1,0,1,0,0,0,1,1,0,1,0,0,0,0,0,0,1,1,1,1,0,0,1,0,2,1,2,4,1,1,4,4,2,4,3,1,3,4,5,4,2,3,2,1,4,1,1,3,4,4
S205,1,0,0,0,0,0,0,0,0,1,0,0,1,0,0,0,0,0,0,0,0,0,1,0,0,0,0,0,0,0,3,3,4,4,3,2,5,4,2,1,3,1,3,5,1,3,4,3,3,1,4,1,1,2,3,2
S206,1,1,0,1,1,0,1,0,0,0,0,0,0,1,0,1,0,0,0,0,0,0,1,1,1,0,0,0,0,0,5,5,2,4,2,3,5,5,5,3,2,3,3,1,3,4,3,1,5,3,2,4,1,4,3,3
S207,1,1,1,1,1,0,1,0,0,0,0,0,1,1,1,1,1,1,1,0,0,0,1,1,1,1,0,1,0,1,1,5,2,5,1,1,4,2,2,4,1,3,4,2,1,3,5,3,5,3,2,5,1,4,2,4
S208,1,0,1,1,1,1,1,0,1,0,0,0,1,1,1,1,0,0,1,0,0,0,1,1,1,1,0,0,1,0,4,5,4,2,3,4,4,2,4,4,1,2,3,5,3,1,5,5,3,5,5,3,3,4,5,2
S209,1,1,1,1,0,1,1,0,0,1,0,0,0,1,1,1,0,1,0,0,0,0,1,1,1,0,0,1,0,0,3,2,1,5,1,1,5,2,5,5,1,1,5,3,3,5,1,2,3,3,1,3,3,2,2,2
S210,1,1,1,1,1,1,1,0,1,1,1,1,1,1,1,1,1,1,1,1,1,1,1,1,1,1,1,1,0,1,5,4,2,1,4,5,5,5,5,2,5,4,3,2,3,4,1,1,4,3,2,1,1,5,3,4
S211,1,1,1,0,0,0,1,1,0,0,1,1,0,1,0,0,0,1,0,0,0,1,0,0,1,1,0,1,0,0,4,5,2,1,4,1,3,5,1,5,1,1,5,5,3,3,4,3,3,4,5,2,1,1,5,1
S212,1,1,1,1,1,1,1,1,1,0,1,0,1,1,1,1,0,1,1,0,0,1,1,1,0,1,1,1,0,0,2,4,2,3,1,2,1,4,3,5,2,1,2,4,3,3,3,4,5,4,3,5,1,3,2,4
S213,1,1,1,1,1,1,1,1,0,1,1,0,1,1,0,1,1,0,0,1,1,0,1,1,1,0,1,0,1,0,1,4,2,3,1,2,3,3,1,5,3,1,1,1,1,5,2,1,5,3,2,3,2,4,3,3
S214,1,1,1,1,1,1,0,0,0,1,1,0,1,1,0,1,1,1,0,0,1,0,1,1,1,1,0,0,0,0,4,4,5,3,2,3,5,5,3,2,3,2,5,3,3,2,3,3,3,2,5,3,2,1,4,1
S215,0,1,1,0,1,0,1,0,0,0,0,0,1,1,0,1,1,0,0,0,0,0,1,1,0,0,0,0,0,0,1,5,4,4,3,1,5,3,4,3,1,2,5,5,2,3,3,1,3,2,4,2,5,4,4,4
S216,1,0,1,1,1,1,1,1,0,0,0,0,1,1,0,1,0,0,0,0,1,0,1,1,1,0,1,0,0,0,4,1,5,1,4,2,5,5,4,3,5,5,4,4,4,1,4,4,5,4,3,2,5,3,5,1
S217,1,1,0,1,0,0,0,0,0,0,0,0,1,0,1,0,1,0,0,0,0,0,1,1,0,0,0,0,0,0,4,3,3,1,1,1,5,2,1,4,1,3,5,3,3,1,2,1,5,2,5,3,1,3,3,3
S218,1,1,0,0,1,1,0,1,0,0,0,0,1,0,0,0,1,0,0,0,0,0,1,1,0,1,0,0,1,0,3,4,2,3,4,4,3,5,4,1,2,4,5,5,2,4,4,2,3,3,5,2,2,1,1,4
S219,1,0,0,0,0,1,0,0,0,0,0,0,1,1,0,0,0,1,0,0,0,0,1,1,1,1,0,0,0,0,2,5,2,4,2,1,4,3,3,4,1,2,3,4,4,5,3,3,5,5,1,5,1,1,5,2
S220,1,1,1,1,0,1,0,0,0,0,0,0,1,1,1,1,0,0,0,0,0,0,0,0,0,0,1,0,0,0,5,4,2,2,3,5,5,4,4,1,4,4,2,2,3,3,3,3,5,4,4,2,2,3,3,2
S221,1,1,1,1,1,1,0,1,1,1,1,0,1,1,1,1,1,1,0,1,1,0,1,1,1,1,1,1,1,1,5,4,3,4,3,2,3,2,1,3,3,2,5,3,1,2,2,2,3,4,4,3,1,5,1,5
S222,0,0,0,0,0,0,0,0,0,0,0,0,1,0,0,1,0,0,0,0,0,0,0,0,0,0,1,0,0,0,5,1,2,4,1,1,5,4,2,5,3,4,4,3,1,5,2,2,3,2,3,2,2,3,2,1
S223,1,1,0,1,1,1,1,1,1,0,0,1,1,1,1,1,1,1,0,0,0,0,1,1,1,1,0,1,0,0,2,3,2,3,2,1,4,5,3,4,3,5,4,5,3,4,1,2,5,3,2,2,2,2,3,2
S224,0,0,0,1,0,0,0,0,0,0,0,0,1,0,0,0,1,0,1,0,0,0,0,1,0,0,0,0,0,0,5,5,3,4,4,1,3,2,4,3,3,3,4,2,2,2,5,5,5,3,4,2,1,4,1,5
S225,1,0,1,0,0,1,1,0,0,0,0,0,0,1,1,1,0,1,1,0,0,0,1,0,0,0,0,0,0,0,3,4,2,1,2,3,4,4,3,3,4,1,3,2,1,2,2,2,2,2,3,4,1,5,3,5
S226,1,1,1,1,1,1,0,1,1,0,1,1,1,1,1,1,1,1,1,1,1,0,1,1,1,1,0,0,0,1,4,3,1,1,3,3,4,4,3,4,1,1,5,5,4,1,2,4,5,3,1,4,1,3,2,3
S227,1,1,1,1,0,1,1,0,0,0,0,0,1,0,0,1,1,0,1,0,1,0,1,1,1,1,0,0,0,0,2,5,2,1,2,1,5,4,1,4,2,1,2,1,2,5,5,1,5,5,2,5,2,5,1,3
S228,1,1,1,1,1,0,0,0,0,0,0,0,0,1,1,0,0,0,0,0,0,0,1,0,0,0,0,0,0,0,1,4,2,3,3,3,5,4,2,3,4,4,4,5,5,3,4,3,5,2,4,3,2,3,1,3
S229,1,1,1,0,0,0,0,1,0,0,0,0,1,0,1,0,0,0,0,0,0,0,1,1,0,0,0,0,0,0,5,4,3,5,1,1,3,3,3,5,5,3,4,3,4,5,4,2,5,2,4,1,2,3,4,1
S230,1,1,1,1,1,0,1,1,0,1,0,0,0,1,1,1,1,0,1,0,0,0,0,1,1,1,1,1,0,0,3,2,1,4,3,1,5,5,5,1,4,5,5,5,5,1,3,4,5,4,3,3,5,3,2,2
S231,1,1,0,0,0,0,0,0,0,0,0,0,0,0,1,0,0,1,0,0,0,0,1,0,0,0,0,0,0,0,5,3,4,3,2,1,4,5,1,5,1,1,4,3,3,3,2,4,3,5,4,1,1,4,2,3
S232,0,1,1,0,1,1,0,0,1,0,0,0,0,1,0,1,1,1,1,0,0,0,0,1,1,1,0,0,0,0,2,4,2,5,1,3,5,2,1,3,1,1,5,1,1,3,3,1,1,5,2,3,1,5,1,5
S233,1,1,1,1,0,1,0,0,0,0,0,0,1,1,0,1,0,1,1,0,0,0,1,1,0,1,0,0,0,0,4,2,2,3,2,1,5,4,1,5,1,1,5,4,3,3,1,4,3,1,5,1,1,5,3,5
S234,0,1,1,1,1,1,0,0,0,0,0,0,1,1,0,0,0,0,0,0,0,0,0,0,0,0,0,0,0,0,2,2,2,4,1,2,5,5,5,2,5,4,4,4,4,5,2,1,4,4,2,4,4,1,4,1
S235,0,1,1,1,1,1,1,1,1,1,1,1,1,1,1,1,1,1,1,1,1,1,1,1,1,1,1,1,1,1,5,4,4,4,4,3,3,2,3,5,1,1,4,5,3,3,3,5,3,2,4,2,1,4,1,5
S236,1,1,0,0,0,0,1,1,0,0,0,0,1,1,1,1,0,0,1,0,0,0,1,1,1,1,1,0,0,0,5,5,3,3,2,1,4,5,5,1,2,4,2,2,1,3,1,1,5,5,4,3,4,3,4,3
S237,0,1,0,0,0,0,0,0,0,0,0,0,0,0,0,0,0,0,0,0,0,0,0,0,0,0,0,0,0,0,5,3,5,5,3,2,5,5,3,5,4,3,4,2,1,5,1,1,4,3,4,3,5,3,3,1
S238,1,1,0,1,0,0,0,0,0,0,0,0,1,1,0,0,1,1,0,0,0,0,1,1,1,0,0,0,0,0,2,4,2,1,3,4,4,1,4,3,4,2,4,2,2,5,4,1,5,2,4,1,5,3,2,3
S239,0,1,0,1,0,1,0,0,0,0,0,0,0,1,0,0,0,1,0,0,1,0,1,1,1,1,0,0,0,0,5,5,4,1,5,5,5,5,5,1,3,2,5,5,3,1,3,4,1,3,3,1,1,5,1,4
S240,1,1,1,1,1,0,1,1,1,0,0,0,1,1,1,1,1,1,0,0,1,0,1,1,0,1,1,0,0,0,4,5,5,4,4,3,5,4,4,1,4,5,5,5,3,1,3,5,5,3,2,3,3,5,3,2
S241,1,1,1,0,0,0,0,0,1,0,0,0,1,0,0,0,0,0,0,0,0,0,1,1,1,0,0,0,0,0,1,1,2,3,3,2,4,3,3,4,5,1,4,4,2,2,2,2,4,5,3,4,2,5,1,3
S242,1,1,1,0,1,1,1,0,0,0,0,0,1,0,0,1,1,1,0,0,0,0,1,0,0,0,0,0,1,0,3,1,1,5,5,1,4,5,4,1,2,2,1,4,3,4,3,2,5,3,1,2,2,3,2,5
S243,1,1,1,1,1,1,0,1,0,0,0,0,1,0,1,1,0,1,0,1,1,0,1,1,1,1,1,0,0,0,3,5,1,4,3,3,4,4,3,2,2,1,2,2,3,3,3,1,5,3,3,4,3,5,4,2
S244,1,1,1,1,1,1,1,1,1,0,1,1,1,1,1,1,1,1,0,0,0,0,1,1,1,1,1,0,0,0,2,2,4,2,3,3,1,4,1,5,1,2,4,4,5,2,4,3,1,1,5,1,1,3,2,3
S245,1,1,0,1,1,0,0,0,0,0,0,0,1,0,1,0,0,0,0,0,0,0,1,0,0,0,0,0,0,0,3,4,3,2,3,3,2,5,2,4,1,1,1,2,2,2,1,1,5,5,2,3,5,1,5,1
S246,1,1,1,1,0,0,1,0,1,0,0,0,1,0,1,0,0,0,0,0,0,0,1,1,1,1,0,0,0,0,3,3,1,5,2,2,1,2,2,2,1,1,4,5,3,2,2,3,3,4,4,3,2,5,5,4
S247,0,1,1,1,0,1,1,0,0,0,0,0,0,1,1,0,0,0,0,0,0,0,1,1,0,0,0,0,1,0,4,5,3,1,5,3,5,4,3,1,2,4,4,5,3,1,4,3,2,3,4,1,2,2,3,4
S248,1,0,1,1,0,0,0,0,0,0,0,0,0,1,1,0,1,0,0,0,1,0,1,0,0,1,1,0,0,0,3,4,4,2,1,2,1,2,4,4,1,1,5,4,4,4,4,3,3,3,5,2,1,4,4,1
S249,1,1,1,1,1,1,1,0,1,0,0,1,1,1,1,1,1,1,0,1,1,1,1,1,1,1,1,1,1,0,2,3,1,4,2,2,5,3,4,2,2,1,4,3,1,2,3,3,3,4,5,1,2,4,4,4
S250,1,1,1,1,0,1,1,1,1,1,0,0,1,1,1,0,1,1,0,0,0,0,1,1,1,1,1,1,0,0,1,1,2,5,1,1,1,2,1,5,1,1,5,3,4,2,2,2,5,4,3,3,1,5,4,1
S251,0,1,1,0,0,0,0,0,0,0,0,0,0,0,0,0,0,0,0,0,0,0,1,1,0,0,0,0,0,0,5,4,2,5,2,1,4,5,4,3,3,3,1,2,1,5,1,1,3,2,3,1,1,5,1,3
S252,1,1,1,1,1,1,1,1,0,0,0,0,1,1,1,1,1,1,1,1,0,0,1,1,1,0,1,0,0,0,5,2,1,4,1,1,5,4,4,4,2,2,4,5,3,4,2,1,5,4,1,5,1,5,2,4
S253,1,1,1,1,1,1,1,1,1,1,1,1,1,1,0,1,1,1,1,1,1,1,1,1,1,1,1,0,1,1,3,5,3,4,2,1,2,3,1,5,1,1,5,1,2,3,3,2,3,2,4,1,5,1,5,2
S254,1,1,1,1,1,1,1,1,1,0,0,0,1,1,1,1,1,1,1,1,0,0,1,1,1,1,1,1,0,0,5,5,5,1,4,3,3,5,3,2,5,1,1,3,1,5,1,1,3,3,4,3,2,3,1,2
S255,0,0,0,1,0,0,0,0,0,0,0,0,1,1,0,0,0,0,0,0,0,0,1,0,0,0,0,0,0,0,4,3,1,4,4,1,4,2,5,2,4,2,5,4,2,1,2,3,3,2,4,2,1,4,4,3
S256,1,1,1,0,0,1,0,0,0,0,0,0,0,0,0,0,0,0,1,0,0,0,1,0,0,0,0,0,0,0,4,4,4,1,5,4,5,3,2,5,1,1,5,4,4,1,4,4,5,4,5,3,5,4,3,1
S257,1,1,1,1,1,1,0,1,1,0,1,0,1,1,1,1,1,0,0,1,1,0,1,1,1,1,1,0,1,0,3,5,5,4,4,4,5,5,4,2,5,5,4,4,5,5,2,2,3,4,3,4,2,2,4,2
S258,0,0,1,0,0,0,0,0,0,0,0,0,1,0,0,0,0,0,0,0,0,0,1,0,1,0,1,0,0,0,5,3,4,4,2,2,5,4,2,3,1,2,3,5,4,2,3,4,4,1,3,1,2,2,4,2
S259,1,1,0,1,1,1,0,0,0,1,0,0,1,1,1,1,0,0,0,1,0,0,1,1,1,1,1,0,1,0,4,2,2,5,1,2,3,4,2,1,2,2,3,5,5,3,4,2,1,1,5,1,3,2,5,1
S260,1,1,0,0,1,1,1,0,1,0,0,1,1,0,1,1,0,1,1,1,0,1,1,1,1,0,0,0,0,0,5,3,4,5,3,2,4,4,3,2,3,3,5,3,5,2,4,3,2,4,4,2,4,2,1,1
S261,0,0,0,1,0,1,0,0,0,0,0,0,1,1,0,0,0,0,0,0,0,0,1,0,1,0,0,0,0,0,5,2,3,4,1,1,4,5,3,3,3,2,5,5,5,1,4,4,4,3,3,4,1,4,3,1
S262,1,1,1,1,0,0,0,0,0,0,0,0,1,1,0,1,0,0,0,0,0,0,1,1,1,0,1,1,0,0,4,2,4,2,2,1,5,4,3,2,3,3,4,4,5,1,3,4,3,4,4,5,5,4,4,3
S263,0,0,0,0,0,0,0,0,0,0,0,0,1,1,0,0,0,0,0,0,0,0,1,0,0,0,0,0,0,0,4,5,5,1,5,4,5,4,2,3,2,4,4,3,4,3,2,2,5,5,2,5,1,4,1,5
S264,1,0,1,1,0,0,0,0,1,0,0,0,0,0,1,0,0,0,0,0,0,0,0,1,0,0,0,0,0,0,3,5,3,3,3,2,2,3,1,4,2,1,2,2,2,4,1,1,1,5,4,1,5,2,1,1
S265,1,1,1,0,0,0,1,0,0,0,0,0,1,0,1,1,1,0,0,0,0,0,1,1,1,0,0,0,0,0,3,4,4,2,4,4,5,1,3,1,2,2,3,3,5,3,3,2,3,5,3,3,3,5,4,2
S266,0,1,1,0,0,0,0,0,0,0,0,0,0,0,0,0,0,1,0,0,0,0,0,1,1,0,0,0,0,0,2,4,3,4,1,1,4,1,1,5,1,3,5,2,1,4,2,2,5,4,1,3,2,1,1,4
S267,1,1,1,1,1,1,1,1,1,1,1,0,1,1,1,1,1,1,0,0,0,0,1,1,1,0,1,1,1,0,4,2,3,4,2,2,5,2,4,3,4,5,5,5,5,1,5,4,2,2,5,1,2,4,4,5
S268,0,0,1,0,0,0,0,0,0,0,0,0,0,0,0,0,0,0,0,0,0,0,0,0,1,0,0,0,0,0,4,5,5,2,5,5,2,2,1,5,2,1,4,4,4,3,2,3,5,2,2,1,1,5,2,2
S269,1,1,1,0,0,0,0,0,0,0,0,0,0,1,1,1,0,0,0,0,0,0,0,0,1,1,0,0,0,0,2,3,2,3,1,1,3,2,3,5,4,1,3,4,3,5,4,2,2,2,3,1,4,4,4,3
S270,1,1,1,1,1,1,1,0,0,0,0,0,1,0,0,1,1,0,0,1,0,0,1,1,1,1,0,0,0,0,5,5,4,3,4,1,5,5,4,2,2,3,3,5,5,1,3,1,5,4,3,5,4,4,4,2
S271,1,1,1,1,1,1,1,1,0,1,1,1,1,1,1,1,1,1,1,0,1,0,1,1,0,1,1,1,0,1,4,5,4,5,1,3,4,5,4,1,4,3,5,3,2,2,3,1,5,4,3,3,3,4,5,4
S272,0,0,1,0,0,0,0,0,0,0,0,0,1,1,1,0,0,0,0,0,0,0,1,1,0,0,0,0,0,0,3,3,3,3,1,1,1,5,4,3,1,3,5,5,5,2,5,4,3,3,5,2,2,1,4,1
S273,1,1,0,1,1,1,1,1,0,0,0,0,0,1,1,1,1,1,0,1,1,0,1,1,1,1,1,1,1,1,4,5,5,1,2,5,4,2,2,2,2,1,5,1,5,1,1,2,4,2,4,2,2,3,3,5
S274,1,1,1,1,1,0,1,1,0,1,0,0,1,0,1,1,0,1,0,0,0,0,1,1,1,0,1,0,0,0,5,3,4,2,1,3,3,3,3,2,1,3,4,2,3,4,2,2,4,4,4,3,4,3,5,1
S275,1,1,0,0,0,0,0,0,0,0,0,0,1,0,0,0,0,1,0,0,0,0,1,1,1,0,0,1,0,0,5,4,3,2,2,3,5,4,4,3,3,3,5,2,3,2,2,4,1,2,5,3,2,1,4,4
S276,1,1,1,0,1,1,0,0,0,1,0,0,1,0,1,0,1,1,0,0,1,0,1,1,1,0,1,1,0,0,1,1,1,4,1,1,4,4,3,3,2,3,2,1,1,5,1,1,2,3,5,1,3,1,1,2
S277,1,0,1,0,1,1,0,0,0,0,0,0,1,1,1,0,1,1,0,0,0,0,1,0,0,1,0,1,1,0,1,2,3,4,1,2,5,5,5,1,5,3,3,3,3,3,2,2,3,4,2,1,3,4,3,2
S278,1,1,1,1,1,0,0,0,0,0,0,0,0,0,0,0,0,1,0,0,0,0,1,0,1,0,0,0,0,0,5,2,3,3,2,1,4,4,4,3,2,1,4,5,5,3,3,1,5,2,2,1,3,4,3,3
S279,1,0,1,1,1,0,1,0,0,0,0,0,1,1,0,1,0,0,0,1,0,0,1,0,1,0,0,0,0,0,4,4,3,2,4,4,5,4,4,5,4,2,5,1,2,3,4,3,3,2,3,5,1,3,2,3
S280,1,1,1,1,0,0,0,0,0,0,0,0,1,0,1,1,0,0,0,0,0,0,1,1,1,0,0,0,0,0,5,4,4,3,4,3,4,4,4,1,1,1,5,4,1,5,3,2,5,3,3,2,1,5,3,3
S281,1,1,0,0,1,0,0,1,0,0,0,0,1,1,1,0,1,0,0,0,0,0,1,1,1,0,1,1,0,0,3,5,2,4,2,1,4,2,5,2,1,2,3,1,1,5,1,1,1,3,4,1,1,5,4,3
S282,1,1,1,1,1,1,1,1,1,1,0,0,1,1,1,1,1,0,0,0,1,0,1,1,0,0,0,0,0,0,4,2,3,5,3,1,3,4,3,4,2,3,5,4,4,5,2,4,4,4,4,1,3,5,4,3
S283,1,1,1,1,1,1,1,1,1,1,1,0,1,1,1,1,1,1,1,1,1,0,1,1,1,1,1,1,0,0,5,2,2,3,2,1,4,4,4,2,5,2,3,2,2,3,1,1,4,5,3,2,3,4,5,3
S284,1,0,0,1,0,0,1,0,0,0,0,0,0,1,0,0,0,0,1,1,0,0,1,1,0,0,0,0,0,0,5,5,4,1,2,1,5,5,2,4,2,4,5,5,2,3,3,4,4,2,5,3,5,2,3,1
S285,1,1,1,1,1,1,1,1,0,0,1,1,1,1,1,1,1,1,1,0,1,0,1,1,1,1,1,1,1,1,3,5,3,3,5,3,3,2,2,4,1,1,5,2,1,3,3,3,2,3,2,1,2,4,1,2
S286,0,1,1,0,0,1,0,0,0,0,0,0,0,0,0,1,0,0,0,0,0,0,1,0,0,0,0,0,0,0,5,5,2,2,5,4,5,2,1,3,2,1,2,1,2,4,1,1,5,4,4,2,2,3,4,3
S287,0,1,1,0,0,1,1,0,1,0,0,0,1,0,1,0,0,0,0,1,1,0,1,1,0,1,0,0,0,0,5,5,4,1,3,3,2,1,2,4,1,1,4,1,4,2,2,3,5,5,3,3,1,4,4,2
S288,1,1,1,1,1,0,1,1,0,0,0,0,1,1,1,1,1,0,1,1,0,1,1,1,0,1,0,0,1,0,5,5,3,3,3,2,5,5,4,3,4,4,3,2,1,5,4,3,4,2,4,4,5,3,5,2
S289,1,1,1,1,1,1,1,1,0,0,0,0,1,1,0,1,1,0,1,0,0,0,1,1,1,1,1,1,0,0,1,4,4,3,3,2,3,2,3,4,1,1,5,5,3,1,4,5,1,4,3,1,2,2,4,3
S290,1,1,1,0,0,0,0,0,0,1,0,0,1,0,0,0,1,0,0,0,0,0,1,0,0,0,0,0,0,0,3,1,2,4,1,1,3,5,1,5,1,1,5,5,5,3,5,3,4,5,1,5,1,3,2,3
S291,1,1,0,1,1,1,0,0,0,0,0,0,1,1,1,1,1,0,1,0,0,0,1,0,0,0,0,0,0,0,3,3,4,3,2,3,4,4,3,3,2,4,2,2,1,4,2,1,5,5,2,4,2,3,2,4
S292,0,1,1,0,0,0,1,0,0,0,0,0,0,1,1,1,0,0,1,0,0,0,1,0,1,0,0,0,0,0,3,2,3,2,3,3,5,5,5,3,5,5,3,4,5,2,3,3,3,5,1,4,2,4,5,4
S293,1,1,1,1,1,0,0,1,0,0,0,0,0,0,1,0,0,1,0,0,0,0,1,1,0,0,0,0,0,0,5,3,4,5,4,3,5,4,2,3,3,1,4,5,3,5,1,3,2,3,4,5,1,4,3,3
S294,1,1,1,1,1,1,1,0,0,0,0,0,1,1,1,1,1,1,0,1,0,0,1,1,0,1,0,0,0,0,2,2,2,5,1,2,5,2,2,2,4,4,4,4,4,3,3,3,3,1,5,1,1,2,5,3
S295,1,1,0,1,1,1,0,1,1,0,0,0,1,1,1,1,1,0,1,0,0,0,1,1,1,1,0,1,1,1,3,5,2,5,2,2,4,5,3,5,3,2,4,2,3,3,3,1,2,1,2,1,1,4,1,1
S296,1,1,1,0,0,1,1,1,0,0,0,0,0,0,0,1,0,0,1,0,0,0,1,0,1,0,0,0,0,1,5,4,4,2,2,5,4,5,3,5,4,3,5,4,4,4,1,3,3,4,3,2,5,4,4,1
S297,1,1,1,1,1,0,1,0,1,0,0,0,1,1,1,1,1,1,1,1,0,0,1,1,1,1,1,0,1,0,2,4,5,1,2,5,5,5,4,3,3,3,4,2,2,2,3,4,4,5,4,3,1,3,2,3
S298,1,1,1,1,0,1,0,1,0,0,0,0,1,1,0,1,0,0,0,0,0,0,1,1,0,0,1,0,1,0,5,5,3,1,4,4,3,4,3,4,1,1,5,1,1,4,2,1,5,5,2,3,3,1,5,1
S299,1,1,1,1,1,1,1,0,0,0,0,1,0,1,1,1,1,1,1,1,0,1,1,1,1,1,0,1,1,0,5,2,5,2,3,4,1,4,4,3,3,3,4,3,4,1,2,2,3,4,2,2,3,3,4,1
S300,1,1,1,1,1,1,1,1,0,0,0,0,1,1,0,0,1,1,1,1,0,0,1,0,1,0,0,0,0,0,3,1,1,4,1,3,5,5,3,4,3,2,5,4,4,3,2,1,2,1,4,1,3,5,2,1
S301,1,0,0,1,0,0,0,0,0,0,0,0,0,0,0,0,0,0,0,0,0,0,1,0,0,0,0,0,0,0,5,5,3,1,3,4,2,2,3,5,1,1,5,5,5,1,4,3,4,3,1,3,4,5,3,2
S302,1,1,1,0,0,0,0,0,1,0,0,0,1,0,1,0,0,0,0,0,0,0,1,0,1,0,0,0,1,0,3,4,2,3,2,1,5,5,3,1,4,4,1,3,3,3,4,3,4,2,4,1,2,5,1,5
S303,1,1,1,1,1,1,1,1,0,0,1,0,1,1,1,1,1,0,0,1,0,0,1,1,1,1,1,1,0,0,4,5,3,3,1,1,2,4,3,5,2,3,4,4,2,3,2,3,2,4,2,3,1,2,3,4
S304,1,0,1,1,1,1,1,0,0,0,0,0,1,1,1,0,0,1,0,1,0,0,1,1,1,1,0,1,0,0,3,3,1,3,1,3,3,5,3,4,2,1,5,3,1,5,1,1,4,5,3,4,4,3,2,3
S305,0,0,1,0,1,1,1,1,0,0,0,0,1,1,0,1,0,0,0,0,0,0,1,0,1,0,0,1,0,0,3,5,4,5,2,2,2,5,5,1,4,3,1,4,1,5,1,1,5,4,1,4,5,4,1,2
S306,1,1,1,0,1,1,1,0,0,0,0,0,1,0,1,1,1,0,0,0,0,0,1,1,0,0,0,0,0,0,1,3,4,5,2,3,3,5,3,4,2,1,3,2,1,5,1,1,5,5,1,5,4,2,5,1
S307,1,0,1,1,1,0,0,1,0,0,1,1,1,1,1,1,1,0,0,1,0,0,1,1,1,1,1,1,1,0,5,4,4,2,2,2,5,4,4,3,1,2,5,5,4,4,3,2,3,4,3,3,2,3,3,2
S308,1,1,0,1,0,0,0,0,0,0,0,0,1,0,0,0,1,0,0,0,0,0,1,1,1,0,0,0,0,0,4,3,2,3,2,1,3,2,3,4,3,4,1,5,4,2,3,3,1,1,5,3,4,1,3,1
S309,1,1,0,1,0,0,0,1,0,0,0,0,1,1,1,0,1,1,1,0,0,0,1,1,1,1,0,1,0,0,5,3,5,2,5,4,5,5,3,5,4,4,3,1,2,4,3,1,5,4,3,3,4,5,3,4
S310,1,1,0,0,1,0,0,1,0,0,0,0,1,0,1,1,0,1,0,0,0,0,1,0,1,0,0,0,0,0,3,1,3,4,1,3,5,5,3,2,2,2,5,4,5,5,5,4,4,5,2,3,4,2,3,1
S311,1,1,1,0,0,1,0,0,0,0,0,0,1,1,1,1,1,1,1,0,0,0,0,1,1,1,0,0,1,0,4,1,3,2,3,1,4,4,4,3,2,2,3,3,2,4,5,2,4,2,5,2,2,2,3,1
S312,1,1,1,1,1,1,1,1,0,1,0,1,1,1,1,0,1,1,1,1,0,0,1,1,0,1,0,1,0,0,3,3,3,3,1,3,5,1,5,4,5,3,5,1,4,3,3,3,5,5,3,5,5,4,3,2
S313,1,1,1,1,1,1,1,1,1,1,0,0,1,1,1,1,0,0,0,0,1,0,1,1,1,1,1,0,1,0,5,5,5,2,1,5,5,5,5,2,3,4,3,4,3,3,5,3,4,3,4,2,1,5,3,3
S314,1,1,1,1,1,1,0,1,1,0,0,0,1,1,0,1,1,1,1,0,0,0,1,1,0,1,1,1,1,0,4,2,3,4,2,2,5,3,2,1,2,3,5,4,2,2,3,2,4,2,5,2,4,3,3,1
S315,1,1,1,1,1,1,1,1,0,0,0,0,1,0,0,1,1,1,1,1,1,1,1,1,0,1,1,1,1,0,4,5,4,3,3,3,5,5,3,4,2,1,1,2,1,3,3,1,4,3,2,2,2,5,2,4
S316,1,0,1,1,0,1,1,0,0,1,0,0,1,0,1,1,0,1,0,0,1,0,0,1,1,1,1,0,0,0,1,1,1,2,2,1,2,1,2,5,1,1,2,1,2,5,3,1,5,5,4,3,2,4,1,2
S317,1,1,1,1,1,1,0,0,1,1,0,0,1,1,1,0,0,1,0,1,0,0,1,0,1,1,1,0,0,0,4,5,2,3,2,1,5,3,3,4,3,1,2,1,1,5,2,1,5,4,4,3,4,1,3,3
S318,1,0,1,1,0,0,0,0,0,0,0,0,1,1,1,1,0,0,0,1,1,0,1,1,1,0,1,1,0,0,5,5,3,2,4,3,5,2,3,3,2,2,3,4,2,4,3,1,4,4,3,2,3,3,3,2
S319,1,0,1,1,1,1,0,0,0,0,0,0,1,1,0,1,1,0,0,0,0,0,1,1,0,1,1,1,0,0,3,5,4,3,2,1,5,2,3,3,1,1,3,5,3,2,2,2,3,3,3,1,2,4,1,3
S320,1,0,0,0,1,1,1,0,0,0,0,0,1,1,1,1,0,0,1,0,0,0,1,0,0,0,0,0,0,0,2,5,5,1,3,2,1,5,2,3,3,3,4,3,2,5,1,2,4,2,5,2,5,1,4,4
S321,1,1,1,0,1,1,0,1,1,0,0,0,0,1,1,1,0,0,1,0,0,0,1,0,1,1,1,0,0,0,3,2,5,3,2,3,5,3,2,4,3,2,5,3,3,2,2,1,5,5,4,1,2,5,1,2
S322,0,1,1,1,0,1,0,0,0,0,0,0,1,0,1,1,0,1,0,0,0,0,1,1,1,0,0,0,0,0,5,5,5,1,5,4,5,2,3,5,3,4,5,3,3,5,3,2,4,4,1,3,3,3,3,4
S323,0,0,0,1,0,0,0,0,0,1,0,0,1,0,1,1,0,0,0,0,0,0,1,1,0,0,0,0,0,0,5,5,5,1,5,5,5,1,1,4,1,1,4,2,2,4,2,2,5,5,3,3,1,3,3,4
S324,1,1,1,1,1,1,1,1,1,1,0,1,1,1,1,1,1,1,1,1,1,1,1,1,1,1,1,1,1,0,4,2,2,5,3,1,2,4,3,2,3,1,5,1,1,5,2,1,5,3,1,4,2,2,4,1
S325,0,1,0,0,0,0,1,0,0,0,0,0,1,0,0,0,0,0,0,0,0,0,0,0,0,0,0,0,0,0,5,2,3,2,2,3,3,4,2,3,2,2,5,5,2,2,3,2,1,4,4,2,1,4,3,1
S326,0,0,1,0,0,0,0,0,0,0,0,0,0,0,0,0,0,0,0,0,0,0,1,0,0,0,0,0,0,0,5,5,3,1,5,5,5,1,1,3,1,1,4,4,2,2,3,3,5,5,4,4,1,4,4,3
S327,1,1,1,1,1,1,1,0,0,1,0,1,1,1,1,1,1,1,0,0,0,0,1,1,0,1,1,1,1,0,5,5,4,1,3,4,3,3,2,4,2,3,2,3,2,5,3,1,1,4,5,1,1,5,3,3
S328,1,1,1,1,1,1,0,0,1,0,0,0,1,1,0,1,1,0,1,0,1,1,1,1,1,1,0,0,0,0,3,3,3,2,3,3,4,1,4,3,5,1,4,5,5,5,4,3,3,2,5,3,4,3,2,3
S329,1,1,1,1,1,1,1,1,0,0,0,0,0,1,1,0,1,1,0,1,1,0,1,1,1,1,0,0,0,0,3,3,2,3,4,3,4,4,3,4,1,1,4,2,2,4,3,1,4,4,1,4,3,5,2,1
S330,1,1,1,1,1,1,1,0,0,1,0,0,1,1,1,0,1,1,1,1,0,0,0,1,0,1,1,0,0,0,4,2,1,3,1,3,3,5,3,4,5,4,5,4,3,4,3,1,4,4,1,4,5,3,1,3
S331,1,0,1,1,1,0,0,0,0,1,0,0,1,1,1,0,1,1,0,1,0,0,0,0,0,1,0,0,0,0,2,4,3,3,1,2,5,5,3,2,3,3,5,4,5,2,4,5,3,3,1,3,2,1,5,1
S332,1,0,1,1,1,0,0,0,0,0,0,0,1,1,0,0,1,0,0,0,0,0,1,0,1,1,0,0,0,0,4,3,2,4,2,1,5,5,3,2,4,2,5,3,2,2,2,2,5,2,2,3,4,3,1,3
S333,1,1,0,1,1,0,0,0,0,0,0,0,1,1,1,1,1,0,0,0,0,0,1,1,1,1,0,0,0,0,2,2,1,5,2,1,3,3,5,1,1,1,3,5,3,1,3,3,2,1,4,1,1,5,1,5
S334,1,0,1,1,1,0,0,1,1,0,0,0,1,0,1,0,0,0,0,0,0,0,1,1,0,0,0,0,0,0,4,3,1,4,1,1,5,5,5,2,3,4,3,5,3,1,4,3,2,4,3,4,3,5,3,5
S335,1,1,1,1,1,0,0,1,1,0,0,0,1,1,1,1,1,1,0,0,1,0,1,1,1,0,1,1,0,0,3,2,2,1,5,1,3,4,2,1,3,1,3,4,3,3,2,1,5,5,1,3,1,5,4,3
S336,1,1,1,0,0,0,0,0,0,0,0,1,1,0,0,0,0,0,1,0,1,0,1,1,0,1,0,1,0,0,2,2,2,3,3,1,2,2,4,4,2,2,5,5,4,5,3,2,3,4,4,2,1,2,2,1
S337,0,0,0,1,0,1,0,1,0,0,0,0,1,0,0,0,1,0,0,0,0,0,1,0,0,0,0,0,0,0,5,5,5,1,3,5,4,2,2,5,3,3,2,1,2,5,1,2,3,5,3,2,1,3,1,5
S338,1,0,0,1,0,0,1,1,0,0,0,0,1,1,0,1,0,0,1,0,0,0,0,0,1,0,0,0,0,0,5,2,2,5,1,1,5,2,4,5,2,3,5,2,1,3,2,4,1,2,3,3,1,4,1,3
S339,1,0,1,1,1,0,0,0,1,0,0,0,1,1,0,0,1,1,0,0,0,0,1,1,1,1,0,1,0,0,5,4,5,3,4,5,4,3,2,5,2,1,2,2,3,3,3,2,1,4,2,1,1,5,2,5
S340,1,1,1,0,1,0,1,0,0,0,0,0,1,0,0,0,0,0,0,0,0,0,0,1,1,1,0,0,0,0,5,5,2,4,1,2,3,4,3,3,4,1,4,3,2,3,1,2,3,4,3,3,1,1,3,2
S341,1,0,0,1,1,0,0,0,0,0,0,0,0,1,1,0,0,0,0,0,0,0,0,0,0,0,0,0,0,0,5,4,3,5,1,1,3,3,3,5,3,2,4,3,4,1,2,3,4,5,1,3,3,4,2,2
S342,1,1,1,1,0,0,1,1,0,0,0,0,1,0,0,0,1,0,1,0,0,0,1,1,0,1,0,1,0,0,5,4,4,4,3,3,5,1,4,3,2,2,4,2,2,4,1,1,3,3,3,4,4,2,5,3
S343,0,1,1,1,0,1,0,1,0,0,0,0,1,1,1,1,1,1,1,0,0,0,1,1,1,1,0,0,1,0,1,3,2,5,2,1,5,5,5,1,2,2,1,3,2,5,2,1,5,5,2,2,1,5,1,1
S344,1,0,0,1,1,0,0,0,1,0,0,0,0,1,0,1,0,0,0,0,0,0,0,0,1,0,0,0,0,0,3,5,4,2,3,5,5,2,4,2,3,4,3,5,2,4,3,2,2,3,1,1,4,1,5,1
S345,1,1,0,1,0,0,0,0,0,0,0,0,0,0,1,1,1,1,0,0,0,0,1,0,0,0,0,1,0,0,3,2,5,5,2,4,4,5,3,2,4,4,3,5,2,2,5,2,4,2,5,1,1,3,1,2
S346,1,1,0,0,1,0,1,1,0,1,0,0,1,0,1,1,1,1,0,0,0,0,1,0,1,1,1,0,0,0,5,5,3,3,4,1,3,1,1,5,1,1,5,1,1,3,2,1,5,4,1,3,5,2,2,2
S347,0,0,0,0,0,0,0,0,0,0,0,0,0,0,0,1,0,0,0,0,0,0,0,1,0,0,0,0,0,0,3,4,3,5,5,4,2,1,3,5,1,1,4,5,4,3,5,3,1,4,4,2,3,1,4,2
S348,0,1,1,0,0,0,0,0,0,0,0,0,1,0,0,0,0,0,0,0,0,0,1,1,0,0,0,0,0,0,5,5,5,1,4,5,5,4,4,3,2,2,1,3,2,3,2,2,5,1,4,3,5,1,5,2
S349,1,1,1,0,0,1,0,1,0,0,0,0,0,0,1,0,0,0,0,0,0,0,0,1,0,1,0,0,0,0,3,2,1,3,2,1,3,1,2,3,1,1,5,4,5,2,4,3,4,4,1,3,4,1,3,3
S350,1,1,1,0,0,0,1,1,0,0,0,0,1,0,0,0,0,1,1,0,0,0,0,1,1,1,0,0,0,0,4,3,1,3,4,2,5,3,3,5,2,1,5,5,3,3,1,1,3,3,4,2,4,3,5,1
S351,1,1,0,1,1,1,0,1,1,0,0,0,1,0,1,1,1,1,1,1,0,0,0,1,1,1,0,0,0,0,2,3,2,4,2,2,5,2,2,5,1,1,5,1,2,5,1,1,4,5,2,3,1,2,4,2
S352,1,1,1,1,1,1,0,0,0,1,0,1,1,1,1,1,1,1,1,1,1,0,1,1,1,0,1,0,1,0,3,2,3,5,2,1,1,3,1,5,1,1,5,5,4,1,4,5,5,5,3,1,3,3,3,4
S353,1,1,1,1,1,1,1,0,0,0,1,0,1,1,1,0,1,1,1,0,0,0,1,1,1,0,0,1,1,0,5,3,2,3,1,2,5,5,4,3,4,3,3,3,1,4,1,1,4,5,5,3,2,2,4,2
S354,1,1,1,1,1,1,0,0,0,0,0,0,1,0,1,0,1,1,1,0,0,0,1,1,1,0,1,0,0,0,4,5,3,1,4,2,4,2,5,1,3,2,5,5,3,3,4,1,1,3,5,1,1,2,5,2
S355,1,0,1,0,0,1,0,0,0,0,0,0,1,1,0,0,1,0,1,0,0,0,1,1,1,0,0,1,0,0,5,5,4,3,4,4,4,2,2,5,2,5,5,5,5,2,4,3,3,4,3,5,1,4,4,1
S356,0,1,0,0,0,0,0,0,0,0,0,0,1,0,1,0,1,1,0,0,0,0,1,0,1,1,0,0,1,0,2,4,3,4,2,1,2,1,1,5,1,1,2,3,1,3,3,1,5,5,1,3,4,2,5,1
S357,0,1,1,0,1,1,1,0,0,0,0,0,0,1,0,1,1,0,0,0,0,0,1,1,1,1,0,1,0,0,2,4,1,5,5,4,3,1,2,3,4,1,5,3,5,1,5,5,2,2,5,2,4,3,4,1
S358,1,1,1,0,0,1,0,0,0,0,0,0,0,1,0,1,1,0,1,1,1,0,1,1,1,1,0,0,0,0,3,4,3,4,1,3,5,4,2,3,2,1,4,2,3,4,1,2,2,4,3,3,3,2,3,2
S359,1,1,1,1,1,1,0,1,0,0,0,0,1,1,1,0,1,1,0,0,1,0,1,1,1,0,0,0,0,0,4,5,3,3,1,1,2,5,3,5,5,1,4,3,3,1,3,2,2,3,3,1,5,5,3,2
S360,1,0,1,1,0,0,0,0,0,0,0,0,1,1,1,0,0,0,0,0,0,0,1,1,0,1,0,0,0,0,4,2,5,2,2,2,3,4,3,5,5,5,5,2,3,4,3,3,5,2,1,3,2,2,3,2
S361,1,1,1,0,1,1,0,0,0,1,0,0,1,0,0,1,1,0,0,0,0,0,1,1,1,0,0,0,0,0,4,1,4,4,3,1,4,4,4,3,3,2,4,5,3,3,2,2,2,4,4,2,1,5,2,1
S362,1,1,1,1,1,1,1,1,1,1,1,1,1,1,1,1,1,1,1,1,1,0,1,1,1,1,0,0,0,0,1,2,2,5,1,1,5,5,4,1,1,5,3,4,4,2,3,2,2,3,4,2,3,5,3,4
S363,1,0,1,1,1,0,0,0,0,0,0,0,0,1,1,0,1,0,0,0,0,0,1,1,1,1,0,0,0,0,5,5,4,1,4,2,3,5,4,3,3,2,5,5,3,3,4,2,4,2,5,1,3,3,3,3
S364,1,1,0,0,1,0,1,1,0,0,0,0,1,1,1,1,1,1,1,0,0,0,1,1,0,1,0,1,0,0,5,5,4,1,4,5,5,2,4,3,1,1,4,2,1,5,3,1,3,4,3,3,1,5,2,3
S365,1,1,1,1,1,1,0,0,1,0,0,1,1,1,1,1,0,0,1,0,0,0,1,1,1,1,0,0,0,0,1,3,2,2,2,3,4,5,5,2,5,3,5,4,5,1,5,2,4,2,5,2,1,2,5,3
S366,1,0,1,0,0,0,0,0,0,0,0,0,1,1,1,0,0,0,0,0,0,0,1,1,0,0,0,0,0,0,3,2,4,4,1,2,4,5,4,4,3,2,1,2,1,4,1,1,5,5,1,5,1,2,4,4
S367,1,1,1,1,1,1,1,0,0,0,0,0,1,1,1,0,1,1,0,0,0,0,1,1,1,0,0,0,0,0,2,3,3,3,4,2,3,2,2,5,5,2,5,4,4,2,3,2,5,2,4,3,2,2,4,2
S368,1,1,0,0,1,1,1,0,0,0,0,0,1,1,1,1,1,1,0,0,0,0,1,1,1,1,1,0,0,0,5,5,4,3,3,2,3,2,2,4,2,2,2,5,4,3,4,2,1,2,5,1,4,2,3,5
S369,1,1,1,0,1,1,0,0,0,0,0,0,1,0,0,1,1,1,0,1,0,0,1,1,1,0,0,1,0,0,5,5,5,4,5,3,3,5,3,4,2,1,2,3,1,5,1,2,2,1,5,2,1,3,3,2
S370,0,0,0,1,0,0,0,0,0,0,0,0,1,1,0,1,0,1,0,1,0,0,1,0,0,0,0,0,0,0,5,5,3,1,5,4,3,4,1,3,2,1,3,1,2,5,2,3,4,4,2,5,1,5,1,5
S371,1,1,1,1,1,1,1,0,0,0,1,0,1,1,0,1,1,0,0,1,0,0,1,1,0,0,1,0,0,0,3,4,1,3,1,2,3,3,4,3,2,2,1,3,1,2,1,2,5,4,3,1,3,1,3,2
S372,1,1,1,1,0,1,0,0,1,1,1,0,1,1,1,0,0,1,0,1,0,0,1,1,0,0,1,1,1,0,3,3,1,5,1,2,3,5,5,1,4,4,3,3,3,3,4,2,5,2,3,3,2,3,3,1
S373,1,1,1,0,1,1,1,1,1,1,1,0,1,1,0,1,1,1,1,0,0,1,0,1,0,1,1,1,0,1,1,1,1,3,4,1,4,2,3,5,1,1,4,4,2,1,3,3,3,5,4,2,5,1,5,3
S374,0,1,1,1,1,0,1,1,1,1,1,0,1,1,1,1,1,0,0,0,0,1,1,1,1,1,1,0,0,0,3,3,1,5,2,3,3,2,1,5,3,1,5,5,5,5,4,1,5,4,3,2,3,3,5,4
S375,1,1,1,1,1,1,0,1,1,1,1,0,1,1,1,1,1,1,1,1,1,1,1,1,1,1,1,1,1,0,4,4,4,4,1,1,5,5,5,2,4,4,5,4,5,1,5,2,5,4,4,2,3,5,3,2
S376,0,0,1,1,1,0,0,0,0,0,0,0,1,0,0,0,0,0,0,0,0,0,1,0,0,0,0,0,0,0,3,5,2,3,5,4,1,3,2,4,3,2,5,3,3,4,3,3,4,2,4,4,3,2,4,4
S377,1,1,1,1,1,1,1,1,1,0,0,0,1,1,1,1,1,0,1,0,1,0,1,0,1,1,0,0,0,0,4,1,2,4,2,3,5,3,3,3,3,2,3,4,3,3,1,1,2,5,3,3,3,2,3,1
S378,1,1,0,1,1,1,0,1,1,0,1,0,1,1,1,1,1,1,0,0,0,0,1,1,1,1,0,0,0,0,4,5,2,5,2,1,4,5,4,4,4,4,5,5,3,4,3,2,1,1,5,1,3,2,3,2
S379,1,1,1,1,1,1,1,0,1,1,1,1,1,1,1,1,1,1,1,0,1,1,1,1,1,1,0,1,0,1,5,5,5,4,1,3,5,4,3,1,2,1,4,2,2,5,5,1,3,3,5,1,4,5,4,2
S380,0,1,0,0,1,0,0,0,0,0,0,0,1,0,0,1,0,0,1,0,0,0,1,1,0,0,0,0,0,0,4,4,5,2,5,4,5,4,5,1,5,5,3,2,2,4,2,1,5,3,1,2,1,1,3,1
S381,0,0,1,0,1,0,0,0,0,0,0,0,1,1,0,0,0,0,0,0,0,0,0,1,0,1,0,0,0,0,5,5,5,1,3,5,4,5,3,2,3,4,5,3,5,3,2,3,5,2,4,2,5,4,5,1
S382,1,1,0,1,0,0,0,0,0,0,0,0,1,0,0,1,0,0,0,0,0,0,1,0,1,0,0,0,0,0,5,5,5,4,1,1,4,2,1,4,1,1,5,4,3,1,5,5,1,3,5,2,5,1,5,1
S383,1,0,0,0,1,0,0,0,0,0,0,0,0,0,0,0,0,0,0,0,0,0,1,0,0,0,0,0,0,0,5,1,3,4,1,1,5,5,4,2,4,3,2,2,2,4,1,1,3,4,5,3,2,2,3,1
S384,1,1,0,0,0,1,0,0,0,0,0,0,1,1,0,0,0,0,0,0,0,0,1,0,0,1,1,0,0,0,5,5,3,2,3,3,3,5,3,5,5,1,3,3,2,3,2,1,3,2,5,1,2,5,3,3
S385,1,1,0,0,0,0,0,0,0,0,0,0,0,1,1,1,0,0,0,0,0,0,1,0,1,0,0,0,0,0,5,4,3,2,3,2,4,4,5,5,1,3,5,4,3,1,2,3,5,3,3,3,5,3,5,1
S386,1,1,1,0,1,1,1,1,0,1,1,0,0,1,1,0,0,1,0,0,0,0,1,1,0,0,0,0,0,0,5,5,4,2,2,5,4,3,1,3,3,4,5,3,3,3,4,2,3,3,4,3,3,3,1,2
S387,1,1,0,1,1,1,1,1,0,0,0,0,1,1,1,1,1,0,0,0,0,0,1,1,1,1,1,0,1,0,3,5,4,1,3,3,5,4,3,4,5,4,3,1,3,4,2,1,4,3,3,2,2,1,3,1
S388,1,0,1,1,1,1,1,1,1,1,0,0,1,1,1,1,1,1,0,1,1,1,1,1,1,1,1,1,0,1,4,3,1,3,4,1,5,5,4,1,4,5,5,4,3,2,4,2,3,1,5,2,1,5,3,5
S389,1,1,1,1,1,1,1,1,0,0,0,0,1,1,1,1,1,1,0,0,0,0,0,1,1,1,1,1,1,0,5,2,2,3,3,5,3,4,4,4,3,1,5,4,3,3,1,2,3,4,2,5,3,2,4,1
S390,0,1,0,1,0,1,0,0,0,0,1,0,1,1,1,0,1,0,0,1,0,0,1,0,1,0,0,0,0,0,5,3,4,1,3,4,2,5,1,5,2,2,5,3,4,5,2,3,5,3,3,4,3,3,5,2
S391,1,1,0,0,0,0,0,0,0,0,0,0,1,0,1,0,0,0,0,0,0,0,1,0,0,0,0,0,0,0,5,2,4,1,3,2,3,5,3,3,3,2,4,5,5,1,5,3,5,1,5,1,2,2,3,2
S392,1,1,0,1,0,0,1,0,1,1,0,0,0,1,1,0,1,0,0,1,0,0,1,1,1,1,1,1,0,0,4,4,4,1,3,2,2,4,2,1,1,1,3,4,4,5,2,2,1,2,3,2,3,1,4,1
S393,0,1,1,0,0,0,0,0,0,0,0,0,1,0,1,0,0,0,0,0,0,0,1,1,0,0,0,0,0,0,5,5,4,2,4,2,5,5,5,1,5,5,4,2,1,5,2,1,2,2,5,1,1,5,2,2
S394,1,1,1,1,1,1,1,1,1,1,1,0,1,1,1,1,1,1,1,1,1,1,1,1,1,1,1,1,1,1,5,4,5,2,3,5,5,5,2,3,2,1,4,2,4,5,2,1,2,1,5,2,1,3,2,3
S395,1,1,1,1,1,1,1,1,0,0,0,1,1,0,1,1,1,1,0,0,1,1,1,1,1,1,1,1,0,0,4,5,4,2,5,4,2,1,2,3,3,2,1,4,3,5,3,4,4,4,2,3,2,5,2,2
S396,1,1,1,1,0,0,0,0,0,0,0,0,0,1,1,0,1,0,0,0,0,0,0,0,1,0,0,0,0,0,4,5,2,2,4,4,4,5,4,2,3,3,3,3,3,5,1,2,3,5,5,1,1,5,1,5
S397,1,1,0,0,0,0,0,0,0,0,0,0,1,0,0,0,0,0,0,0,0,0,1,0,0,0,0,0,0,0,4,3,4,1,3,2,3,2,2,3,1,2,5,4,4,5,2,1,3,5,5,3,2,1,5,1
S398,1,0,1,1,1,1,0,1,1,0,0,0,1,1,0,1,1,1,1,1,0,0,1,1,1,1,1,0,1,0,3,4,5,3,1,4,2,4,1,5,3,1,5,5,4,2,5,4,4,3,4,2,1,5,1,5
S399,0,1,1,1,0,0,0,0,0,0,0,0,1,1,1,1,1,0,1,0,0,0,1,1,0,0,0,0,0,0,2,5,2,1,1,1,3,3,5,1,5,4,5,5,3,3,3,3,4,3,3,2,1,4,3,1
S400,1,1,0,1,1,1,1,0,1,0,0,1,1,1,1,1,1,1,1,0,0,1,1,1,1,1,1,1,0,0,3,3,2,5,2,4,1,4,2,5,1,5,4,1,3,5,1,4,4,1,2,3,2,5,4,1
S401,1,0,0,0,0,0,0,0,0,0,0,0,1,1,0,1,0,0,0,0,0,0,1,0,0,0,0,0,0,0,5,3,3,3,4,4,1,3,4,2,4,2,5,5,4,2,4,4,1,4,5,1,1,4,1,1
S402,0,1,0,1,0,0,1,0,0,0,0,0,1,0,0,1,0,0,0,0,0,0,1,1,0,0,0,0,0,0,1,3,1,2,2,1,5,5,3,3,4,3,3,3,3,4,2,1,5,1,4,4,2,2,2,1
S403,1,1,0,0,1,1,0,1,0,0,0,0,1,1,0,1,1,1,0,0,0,0,1,1,0,0,1,0,1,1,4,5,4,2,2,3,5,5,5,1,4,4,5,4,5,5,1,4,2,2,5,2,1,5,4,2
S404,1,1,1,1,0,0,1,1,0,0,0,0,1,1,0,0,1,0,0,1,0,0,1,1,1,1,0,0,0,0,5,5,4,1,2,4,2,4,4,1,4,3,1,4,3,3,3,3,5,3,3,4,5,5,2,5
S405,1,0,0,0,1,0,0,0,0,0,0,1,0,1,0,0,0,1,0,0,0,0,0,1,0,0,0,0,0,0,5,3,4,2,3,4,5,5,3,4,2,4,4,4,3,4,4,1,5,4,2,4,3,1,5,1
S406,1,1,1,1,1,1,1,0,1,0,0,0,1,1,1,0,1,0,0,1,0,0,1,1,1,0,1,1,0,0,5,3,4,3,3,2,2,2,4,1,2,2,4,3,4,3,2,3,1,5,1,4,1,4,3,3
S407,1,0,0,0,0,0,0,0,0,0,0,0,1,0,1,0,0,0,0,0,0,0,1,0,0,0,0,0,0,0,2,1,2,4,1,1,3,1,2,5,1,1,3,2,1,5,1,1,1,3,5,5,4,3,5,2
S408,1,1,1,0,1,0,0,0,0,0,0,0,1,1,1,0,1,1,0,0,1,0,1,1,1,0,0,1,0,0,5,4,3,1,1,4,5,4,5,3,4,5,3,2,2,4,2,1,5,5,4,2,3,2,4,1
S409,1,1,0,1,1,1,0,1,1,0,0,0,0,1,1,0,0,1,0,0,1,0,0,1,0,0,0,1,0,0,2,4,3,2,3,4,4,2,1,4,2,2,2,2,3,4,1,1,4,5,3,4,1,5,4,1
S410,1,1,1,0,1,1,1,1,0,0,0,0,1,1,1,1,1,1,1,1,0,1,1,0,1,1,1,0,1,0,5,4,3,2,5,4,3,3,2,1,3,1,1,2,3,1,1,3,1,1,2,1,2,2,3,5
S411,1,1,1,1,1,1,1,1,1,0,1,0,1,0,1,1,0,0,1,0,0,0,1,1,1,1,1,0,1,0,4,3,2,4,3,3,4,5,5,2,4,4,5,4,4,1,4,3,3,5,1,4,3,3,3,1
S412,1,0,0,0,0,0,0,0,0,0,0,0,1,0,1,0,0,0,0,0,0,0,1,0,0,0,1,0,0,0,3,1,3,3,4,1,5,5,3,3,2,2,5,4,2,1,5,4,5,4,1,4,2,3,4,4
S413,0,0,0,0,0,0,0,0,0,0,0,0,0,0,0,0,0,0,0,0,0,0,0,1,0,0,0,0,0,0,4,3,4,5,3,3,5,2,3,2,4,2,3,4,5,3,2,3,1,3,5,3,3,3,5,1
S414,1,1,1,1,1,1,1,0,1,0,1,0,1,1,1,1,1,1,1,1,1,1,1,1,1,0,1,1,1,0,4,3,4,1,3,3,5,4,5,1,5,2,3,5,3,2,4,1,3,1,5,3,4,5,3,3
S415,1,1,1,1,1,1,0,1,0,0,0,0,1,1,1,1,1,1,1,0,1,0,1,1,1,1,1,0,0,0,5,1,4,5,3,1,1,2,3,3,2,1,3,1,1,5,1,2,4,5,3,2,3,3,3,3
S416,1,0,0,1,0,0,0,0,0,0,0,0,1,1,0,0,0,0,0,0,0,0,1,0,0,1,0,0,0,0,4,5,3,3,5,2,5,4,4,3,2,4,4,3,2,4,2,1,4,5,3,1,2,5,2,4
S417,1,1,1,1,1,1,0,1,1,0,0,1,1,1,1,1,1,1,0,1,1,1,1,1,0,1,1,1,1,1,5,5,4,2,5,3,5,2,1,4,4,2,3,2,2,4,2,1,3,2,4,3,3,5,4,1
S418,1,0,1,1,1,1,0,0,0,0,0,0,1,1,1,1,1,1,0,1,0,0,1,1,0,1,1,0,0,0,3,3,5,3,4,2,5,3,4,5,4,1,3,4,3,3,4,1,4,2,4,3,2,5,3,2
S419,1,1,1,1,1,1,0,1,0,1,1,0,1,1,1,1,1,1,1,1,0,0,1,1,1,1,1,0,1,0,2,3,2,2,2,2,5,5,4,1,5,4,5,1,4,2,2,2,5,2,5,2,1,4,4,2
S420,1,1,1,1,0,1,1,0,1,0,0,0,1,1,1,0,1,1,0,0,0,0,0,1,1,1,0,0,0,0,5,3,4,3,3,2,5,4,3,4,5,2,5,2,2,2,2,2,1,2,5,1,1,4,2,5
S421,1,1,1,1,1,1,1,1,1,1,1,0,1,1,1,1,1,1,1,1,1,1,0,1,1,1,1,1,0,0,5,5,4,1,5,2,2,4,2,4,3,3,1,1,1,5,1,1,5,4,3,4,2,2,2,1
S422,1,1,1,1,1,1,1,1,0,1,1,0,1,1,1,1,1,0,0,1,1,1,1,1,1,1,1,0,0,0,5,2,3,5,2,2,5,4,3,1,5,3,5,5,4,3,2,2,4,5,4,1,4,5,3,4
S423,1,1,1,1,1,0,0,0,0,0,0,0,1,1,1,0,0,0,0,0,0,0,1,0,1,0,0,0,0,1,3,3,4,5,2,2,3,4,2,4,2,3,3,3,1,3,1,2,3,3,4,3,2,4,3,2
S424,1,1,1,1,1,1,0,1,0,0,0,0,1,1,1,1,1,0,1,0,0,0,1,1,0,0,1,0,0,0,2,3,2,3,4,2,4,4,4,4,1,1,5,2,2,3,1,1,4,3,4,3,3,2,4,4
S425,1,0,1,1,1,1,0,1,1,0,0,0,1,1,1,1,1,0,1,0,0,0,1,1,1,1,1,1,0,1,5,3,3,1,4,4,4,2,2,5,2,2,5,5,5,1,4,4,3,2,5,2,1,4,4,2
S426,1,1,1,1,0,1,1,1,1,1,0,1,1,1,0,1,1,1,1,0,1,0,1,1,1,1,1,1,0,1,2,1,1,5,1,2,2,1,1,5,1,1,4,1,3,3,1,1,5,3,2,1,1,2,3,2
S427,1,0,1,1,0,0,0,0,0,0,0,0,1,1,1,1,0,0,0,0,1,0,0,1,1,0,0,0,0,0,2,4,3,1,1,2,5,5,4,2,4,5,2,1,1,5,1,1,3,3,4,1,1,1,2,5
S428,1,1,1,0,1,0,1,0,0,0,0,0,1,1,1,1,1,1,1,1,1,0,1,1,1,1,1,0,1,0,5,4,5,3,3,1,1,1,1,5,1,1,4,4,1,1,5,2,3,4,2,2,5,4,3,2
S429,1,1,1,1,1,1,1,1,1,1,0,1,1,1,1,1,1,1,1,1,1,0,1,1,1,1,1,1,1,0,5,5,5,1,4,5,3,3,3,2,1,2,5,5,5,2,2,2,4,5,5,5,1,4,1,4
S430,0,1,0,0,0,0,0,0,0,0,0,0,1,0,0,0,0,0,0,0,0,0,0,0,1,1,0,0,0,0,3,3,2,3,1,5,3,2,2,4,2,1,5,5,5,1,4,3,4,1,4,2,1,2,2,4
S431,1,0,0,0,0,0,1,1,0,0,0,0,0,0,1,0,1,0,0,0,0,0,0,0,0,0,0,0,0,0,3,3,3,4,3,2,3,4,3,3,2,2,1,2,3,4,1,2,4,3,2,2,1,5,4,3
S432,0,0,0,0,0,0,0,0,0,0,0,0,0,0,0,0,0,0,0,0,0,0,0,0,0,0,0,0,0,0,5,5,5,1,5,5,5,3,3,2,2,2,4,4,5,2,2,2,2,1,2,1,3,3,2,4
S433,1,1,1,0,1,1,0,1,1,0,0,0,0,1,1,1,0,1,0,0,0,0,1,1,0,0,0,0,0,0,3,2,1,5,2,1,3,5,5,2,3,4,5,2,5,3,2,3,5,3,3,3,3,3,5,3
S434,1,1,1,1,0,1,1,0,0,0,0,0,1,1,1,1,0,1,0,1,0,1,1,1,1,0,0,1,0,0,2,1,1,5,1,1,4,1,2,3,4,1,4,3,4,3,2,3,2,2,5,3,4,5,4,4
S435,1,1,1,1,1,0,1,0,1,1,1,0,1,1,1,1,1,1,1,0,0,1,1,1,1,1,1,1,1,1,5,4,2,3,3,2,5,4,3,1,3,2,5,5,3,1,5,4,5,4,3,1,1,5,3,5
S436,1,1,1,1,0,1,0,1,0,1,0,1,1,1,0,0,0,0,0,0,0,0,1,1,0,0,1,0,0,0,2,4,4,5,1,2,5,3,4,2,2,2,3,1,3,4,1,1,2,4,4,2,2,4,2,4
S437,1,1,1,1,1,1,1,1,1,1,1,1,1,1,1,1,1,0,0,1,1,0,1,1,1,1,1,1,1,0,5,3,3,5,1,1,5,1,3,4,4,4,3,4,2,3,3,2,5,2,3,3,5,2,5,1
S438,1,0,0,0,0,0,0,0,0,0,0,0,1,1,0,0,0,0,0,0,0,0,1,0,0,0,0,0,0,0,5,4,3,3,3,1,4,5,5,1,4,4,4,5,5,2,2,1,4,4,3,3,5,3,3,3
S439,0,0,0,0,0,0,0,0,0,0,0,0,0,1,0,0,0,0,0,0,0,0,0,0,0,0,0,0,0,0,5,3,3,2,4,1,5,5,4,3,3,2,5,3,3,2,1,5,5,2,4,2,1,1,5,1
S440,1,1,1,1,1,1,0,1,0,0,0,0,1,0,0,1,1,0,1,1,0,0,1,1,1,0,0,1,0,0,1,3,3,3,2,1,4,3,3,3,3,2,5,5,3,5,4,2,1,2,5,2,3,4,3,1
S441,1,1,1,0,1,1,1,0,1,0,0,0,1,1,1,1,0,1,1,0,0,0,1,0,1,0,1,0,1,0,3,2,4,4,1,1,5,5,4,3,3,1,3,2,1,3,1,4,5,5,1,5,1,4,5,3
S442,1,0,0,0,0,0,0,0,0,1,0,0,1,1,1,0,0,1,0,0,0,0,0,1,1,0,1,0,1,0,5,4,5,1,3,3,5,5,5,3,3,4,3,3,3,3,4,3,5,5,2,4,1,2,1,4
S443,0,1,0,0,0,0,0,0,0,0,0,0,1,0,0,0,0,0,0,0,0,0,1,0,0,0,0,0,0,0,5,5,4,2,3,2,5,4,4,4,2,3,2,4,2,3,2,1,5,1,5,2,1,4,4,2
S444,0,1,1,0,0,0,1,0,0,0,0,0,0,1,0,1,1,1,0,0,0,0,1,0,1,0,0,1,0,0,5,4,2,1,4,5,1,2,3,5,1,1,3,3,2,3,2,1,5,2,1,4,1,5,3,3
S445,1,1,0,0,1,0,0,0,0,0,0,0,1,0,0,1,1,0,0,0,0,0,0,0,0,0,1,0,0,1,5,5,5,2,5,3,5,5,2,5,3,1,4,2,5,3,5,2,2,3,3,1,1,2,2,2
S446,1,1,0,0,0,1,0,0,0,1,0,0,1,0,1,1,1,0,1,0,0,0,1,1,1,1,0,1,0,0,1,3,1,5,1,1,5,2,2,2,3,2,4,4,3,1,1,3,5,3,4,2,4,1,5,1
S447,1,1,1,0,0,0,1,1,0,1,0,1,0,1,1,1,1,1,0,0,0,0,1,1,1,0,0,1,1,0,5,5,2,5,1,1,5,3,4,2,2,2,3,5,1,3,3,4,4,2,5,4,4,5,4,4
S448,0,0,0,0,1,0,0,0,0,0,0,0,1,1,0,1,0,0,0,0,0,0,1,1,1,1,0,0,0,0,4,3,2,4,1,1,2,4,3,2,4,5,3,2,3,5,3,2,2,2,3,1,5,1,5,2
S449,1,1,1,1,0,1,0,0,0,0,0,0,1,1,0,0,0,1,0,0,0,0,1,1,1,0,1,0,0,0,5,5,4,2,3,1,5,5,5,1,4,4,5,5,2,2,1,2,2,3,4,3,2,1,4,2
S450,1,1,0,0,1,0,0,0,0,0,0,0,1,0,0,0,0,0,0,0,0,0,1,0,0,0,0,0,0,0,4,2,3,3,1,3,1,5,2,4,5,2,5,4,3,3,3,1,5,2,2,1,5,1,5,1
S451,1,1,1,1,1,1,1,1,1,0,0,0,1,1,0,0,0,1,0,0,0,0,1,1,1,1,0,0,0,0,3,1,4,4,1,3,5,5,5,1,3,2,2,4,4,5,1,1,3,5,5,3,1,4,2,3
S452,1,1,1,1,1,1,0,1,0,1,0,0,1,1,0,1,1,1,1,1,0,0,1,1,1,1,1,1,0,1,4,4,3,2,3,2,5,5,5,2,5,3,5,4,5,3,3,5,1,2,5,2,1,4,3,4
S453,1,0,0,0,0,1,0,0,0,0,0,0,0,1,1,0,0,0,0,0,0,0,0,0,1,0,0,0,0,0,1,5,2,4,1,1,2,5,2,5,4,3,2,4,1,4,1,1,3,2,1,3,1,4,3,1
S454,1,1,1,1,1,1,1,0,0,0,0,0,1,1,0,1,1,0,1,0,0,0,0,1,0,1,0,1,1,0,5,5,5,3,3,1,4,5,5,2,5,5,5,1,2,4,3,1,2,3,2,1,1,5,4,3
S455,0,1,1,0,0,0,1,0,0,0,0,0,1,1,1,0,0,0,1,0,0,0,0,0,0,0,1,0,0,0,5,2,1,3,2,3,5,5,3,3,3,2,4,4,5,3,1,1,5,3,5,5,3,3,3,2
S456,1,0,0,0,0,0,1,0,0,0,0,0,1,0,1,0,0,0,0,0,0,0,1,1,1,0,0,0,0,0,2,5,5,1,3,4,2,5,1,5,1,1,5,5,4,1,2,1,5,5,1,3,1,5,3,4
S457,1,1,1,1,0,0,0,0,0,0,0,0,0,1,0,0,0,1,1,0,0,0,1,1,1,0,0,1,0,0,3,4,4,2,3,1,3,1,3,3,5,1,1,1,1,5,1,1,3,3,5,1,1,4,3,3
S458,1,0,0,1,1,0,0,0,0,0,0,0,1,0,1,0,0,0,0,0,0,0,0,1,0,0,0,0,0,0,3,3,3,2,5,2,5,4,4,5,2,4,5,5,5,1,5,5,3,3,2,1,1,1,5,4
S459,1,1,1,0,1,1,0,0,0,1,0,0,1,1,1,0,0,1,0,1,0,0,1,1,1,1,0,0,0,1,4,5,5,3,2,5,5,5,5,3,4,3,5,5,5,2,3,4,4,5,1,5,3,5,3,5
S460,0,0,0,0,0,0,0,0,0,0,0,0,0,1,0,1,0,0,0,0,0,0,0,1,0,0,0,0,0,0,5,5,5,4,3,2,5,5,2,3,3,2,3,4,4,3,1,2,2,3,4,3,3,1,4,3
S461,1,1,1,1,1,1,1,1,1,1,1,0,1,1,1,1,1,1,1,1,1,1,1,1,1,1,1,1,1,1,3,5,4,3,5,3,2,5,3,1,2,1,3,3,3,2,3,2,5,5,4,3,2,3,3,1
S462,1,1,1,1,0,1,1,0,1,0,0,0,0,1,1,1,1,0,0,0,0,0,1,1,1,0,1,0,0,0,4,4,5,1,5,3,1,4,1,5,2,1,5,4,4,1,3,2,3,5,5,4,3,1,3,3
S463,1,1,0,0,0,0,0,0,0,0,0,0,0,0,0,0,0,0,0,0,0,0,1,1,1,0,0,0,0,0,5,3,1,3,2,3,5,5,4,4,4,3,5,5,4,3,3,4,5,3,5,4,4,4,4,3
S464,1,0,1,0,1,0,1,0,1,0,1,0,1,1,0,1,1,0,0,0,0,0,1,1,0,1,1,0,0,0,5,4,2,3,4,5,3,3,1,4,2,3,2,4,3,4,2,3,2,1,5,2,4,4,2,1
S465,1,0,1,1,0,0,1,0,0,0,0,0,1,1,0,1,1,0,1,1,0,0,1,1,0,0,1,1,0,0,1,3,3,1,1,5,4,1,2,3,5,1,5,2,3,4,3,2,5,3,1,3,2,4,2,4
S466,1,1,1,1,1,1,0,0,0,0,0,0,1,1,1,1,1,0,0,0,1,0,1,1,1,1,0,0,0,0,5,3,4,1,5,4,5,1,3,3,3,3,3,5,3,3,3,2,4,4,3,4,3,2,4,1
S467,1,1,0,1,1,0,1,1,0,0,1,0,1,1,0,1,1,1,0,0,0,0,1,1,1,0,1,1,1,0,4,4,2,3,4,1,5,5,5,1,3,3,2,3,2,3,2,1,4,3,4,2,1,3,4,3
S468,0,1,1,0,1,1,1,0,0,1,0,0,1,1,1,1,1,1,0,1,0,1,1,1,1,1,1,0,0,0,5,5,4,3,4,4,3,4,5,3,2,5,4,3,4,3,1,1,5,1,2,1,3,3,5,3
S469,1,1,1,0,1,1,0,0,0,0,0,0,1,1,1,1,0,0,0,0,0,0,1,1,1,0,0,0,0,0,4,5,3,5,2,2,5,2,2,5,2,1,3,2,1,4,1,2,4,5,3,2,5,1,5,2
S470,0,1,1,0,0,0,0,0,0,0,0,0,1,0,1,1,1,0,0,0,0,0,1,1,0,0,0,0,0,0,5,4,3,5,1,4,5,4,2,3,1,1,5,5,3,2,4,3,3,2,4,1,2,4,3,2
S471,1,1,1,1,1,0,0,0,1,0,0,0,0,1,1,1,0,1,1,0,0,0,1,1,0,0,0,0,0,0,2,1,3,3,3,3,5,5,4,2,4,3,4,3,3,1,5,3,5,4,5,3,5,1,5,1
S472,0,0,0,0,0,0,0,0,0,0,0,0,1,0,0,0,0,0,0,0,0,0,0,0,0,0,0,0,0,0,2,5,5,5,2,1,5,2,3,4,1,1,2,1,1,5,1,1,5,4,1,5,1,3,4,1
S473,0,1,0,1,0,0,0,0,0,0,0,0,0,1,1,0,0,0,0,0,0,0,1,0,0,0,0,0,0,0,4,5,5,1,4,1,5,5,2,3,2,1,5,5,4,4,3,3,3,2,5,2,4,2,3,3
S474,1,1,1,1,1,1,0,1,0,1,1,0,1,1,1,1,1,1,1,0,1,0,1,1,1,1,1,0,0,0,3,3,2,1,1,2,4,5,1,4,3,3,5,1,3,3,1,2,1,3,4,3,1,5,1,5
S475,1,1,1,1,1,1,1,1,1,0,1,0,1,1,1,1,1,1,1,1,1,1,1,1,1,1,1,0,1,1,5,3,2,4,2,4,2,3,1,3,2,2,3,5,4,3,2,1,5,4,4,2,2,3,3,2
S476,1,1,1,1,1,0,1,0,0,0,0,0,0,0,0,0,0,0,0,0,0,1,1,1,1,0,0,1,0,0,2,2,1,5,1,1,5,4,4,3,2,3,4,3,5,2,2,3,5,3,2,4,1,4,2,1
S477,1,1,0,0,0,0,0,0,0,0,1,0,1,1,0,0,1,0,1,0,0,0,1,1,1,1,1,1,1,0,1,2,4,3,1,1,5,4,3,4,2,2,4,5,5,3,5,4,2,4,3,2,2,5,1,4
S478,1,1,1,1,1,1,0,0,1,0,1,0,1,1,0,0,1,1,0,0,0,0,0,0,1,1,1,0,0,0,1,1,1,4,1,1,4,5,4,3,3,3,5,4,3,2,2,2,5,5,2,3,5,2,1,1
S479,1,1,1,1,1,1,1,1,1,1,1,1,1,1,1,1,1,1,1,0,1,1,1,1,1,1,1,1,1,1,2,1,1,3,1,1,3,2,1,4,1,2,3,3,4,4,3,2,2,3,5,1,5,3,3,4
S480,1,1,1,1,1,1,1,1,0,0,0,0,1,1,1,1,0,0,1,1,0,0,1,1,1,1,1,1,1,1,5,5,5,4,4,5,3,1,2,5,2,2,4,3,3,3,3,2,3,5,3,5,2,4,2,2
S481,1,1,1,1,0,0,1,0,0,0,0,0,0,0,0,0,1,1,0,0,0,0,0,1,0,1,0,0,1,0,5,4,4,4,4,5,5,3,5,1,3,3,3,1,2,4,2,2,3,3,3,1,3,2,4,3
S482,1,1,0,1,0,0,0,1,0,0,0,0,0,0,1,0,0,0,0,0,0,0,1,1,0,0,0,1,0,0,5,1,3,2,4,5,4,2,2,3,1,1,2,4,1,5,1,2,5,5,5,4,1,2,2,3
S483,0,0,0,1,0,0,0,0,0,0,0,0,1,0,0,0,0,0,0,0,0,0,0,0,1,0,0,0,0,0,4,3,1,4,1,2,5,5,5,2,4,3,1,1,2,4,1,2,4,5,2,2,1,4,2,3
S484,1,1,1,0,1,0,0,0,0,0,0,0,1,1,1,0,0,0,0,0,0,0,1,1,1,0,0,0,0,0,5,4,4,5,4,2,5,2,3,1,2,2,4,5,5,4,5,4,5,2,4,1,3,3,2,5
S485,0,0,0,1,0,0,0,0,0,0,0,0,1,1,0,0,0,1,0,0,0,0,0,1,0,0,0,0,0,0,4,3,4,3,3,2,5,4,2,3,2,2,5,3,3,3,2,1,4,3,3,2,5,1,5,1
S486,0,0,1,0,0,0,0,0,1,0,0,0,1,1,0,0,0,0,0,0,0,0,0,1,0,0,0,0,0,0,2,1,1,3,1,1,5,5,4,3,4,4,5,4,4,2,3,3,3,5,3,4,2,5,3,1
S487,1,1,1,0,0,0,0,1,0,0,0,0,1,0,1,0,1,0,0,0,0,0,0,1,1,0,0,0,0,0,5,5,4,3,3,4,4,3,4,5,1,1,4,5,3,4,4,4,5,3,3,3,2,2,4,5
S488,0,1,0,1,0,0,0,0,0,0,0,0,1,1,0,0,1,0,0,0,0,0,0,0,1,0,0,0,0,0,5,5,5,1,3,3,2,4,1,5,1,1,4,3,4,3,1,3,3,5,3,2,1,5,4,1
S489,1,1,1,1,1,1,1,1,0,0,1,1,1,1,1,1,1,1,1,1,0,1,1,1,1,1,1,0,0,0,5,2,4,5,4,2,1,3,3,5,2,1,1,4,3,3,2,2,4,3,5,4,4,1,4,2
S490,1,0,1,1,1,1,1,1,0,1,0,0,1,1,1,1,1,1,1,1,1,0,1,1,1,1,0,1,0,0,5,4,4,2,2,1,5,5,4,2,3,2,3,4,3,2,4,4,1,2,5,1,1,5,1,5
S491,1,1,1,0,0,1,1,0,1,0,0,1,1,0,1,0,0,0,0,0,0,0,1,1,0,0,1,0,0,0,5,4,3,3,2,2,3,3,3,4,2,2,5,4,4,4,5,2,5,4,2,3,2,5,1,3
S492,1,1,1,1,1,1,1,1,1,0,0,1,1,1,1,1,1,0,1,0,1,0,1,1,1,1,0,1,1,0,3,1,3,5,1,1,5,5,5,1,5,5,5,5,4,2,4,1,4,3,1,2,1,2,2,2
S493,1,1,0,1,0,1,1,0,0,0,0,0,1,1,1,1,1,1,0,0,0,0,1,1,1,1,0,0,0,0,5,4,2,3,3,3,2,4,4,5,1,2,4,4,4,3,3,4,3,3,5,3,1,4,5,1
S494,1,1,1,0,0,0,0,1,0,0,0,0,0,1,1,0,0,0,0,0,0,0,0,1,1,1,0,1,0,0,2,4,1,3,1,2,3,5,3,2,3,2,4,4,4,3,4,4,4,4,1,5,1,5,5,3
S495,1,1,1,1,1,0,1,0,1,1,0,0,1,1,1,1,1,1,0,0,0,1,1,1,1,1,0,1,1,0,3,3,3,2,1,1,5,5,5,2,4,5,5,5,4,3,3,4,2,1,5,3,3,1,5,3
S496,1,1,1,0,1,1,1,1,0,0,0,0,1,1,1,1,1,1,0,0,1,0,1,0,0,1,0,0,0,0,4,2,3,4,2,4,5,2,1,1,4,5,4,4,2,4,4,4,4,5,5,2,1,4,5,2
S497,1,1,1,0,0,1,0,0,1,0,0,0,1,0,0,1,1,0,0,0,0,0,0,1,0,1,0,0,0,0,5,5,5,1,4,5,5,5,4,1,5,5,3,2,3,1,4,3,2,1,3,2,2,3,3,1
S498,1,1,1,1,1,0,0,0,0,0,0,0,0,1,1,1,1,0,1,0,0,0,1,1,0,0,0,0,0,0,5,4,2,2,3,3,5,4,4,2,5,5,4,4,2,5,1,2,3,3,5,3,4,3,5,3
S499,1,1,0,1,0,1,1,1,0,0,0,0,0,1,0,1,0,0,0,0,0,0,0,1,0,0,0,0,0,0,4,5,4,4,2,2,4,1,3,3,5,3,4,4,3,2,1,1,5,4,3,4,1,4,4,3
S500,0,1,1,1,0,1,0,0,0,0,0,0,0,0,1,0,0,1,0,1,0,0,1,1,0,0,0,0,0,0,5,2,3,1,4,3,5,5,3,3,3,4,3,3,3,3,2,2,5,3,4,3,4,1,2,2
