student_id,A1,A2,A3,A4,A5,A6,A7,A8,A9,A10,A11,A12,B1,B2,B3,B4,B5,B6,B7,B8,B9,B10,C1,C2,C3,C4,C5,C6,C7,C8
S001,1,1,0,1,1,1,1,1,0,0,0,0,1,1,1,1,1,1,0,0,0,1,0,1,1,1,0,1,0,0
S002,0,1,1,0,0,0,0,0,0,0,0,0,1,0,0,1,0,0,1,0,0,0,1,1,1,1,0,1,0,0
S003,1,1,1,1,1,1,1,1,1,1,0,0,1,1,0,1,0,0,0,0,0,0,1,1,1,1,0,0,0,0
S004,0,1,1,1,1,1,1,0,1,1,0,1,1,1,1,1,1,1,0,1,1,0,1,1,1,1,0,1,1,0
S005,1,1,1,1,1,1,0,0,0,0,0,0,1,0,1,0,0,0,0,0,0,0,1,1,1,1,0,0,0,0
S006,1,1,0,1,0,1,0,0,0,0,0,0,1,1,1,1,1,0,0,0,0,0,0,0,0,1,0,0,0,0
S007,1,1,1,1,1,1,1,1,1,1,1,1,0,1,1,1,1,1,1,0,1,1,1,1,1,1,1,1,1,1
S008,1,1,1,0,1,0,1,1,1,0,1,0,1,1,1,1,1,0,0,0,1,0,0,1,1,1,1,1,1,0
S009,1,1,1,1,1,0,0,0,0,0,0,0,1,0,0,1,0,0,0,0,0,0,1,0,1,0,0,0,0,0
S010,1,0,0,1,0,1,1,0,1,0,0,0,1,1,1,1,0,0,0,0,1,0,1,1,1,0,0,0,1,0
S011,1,1,1,0,0,0,1,0,0,1,0,0,1,0,1,0,1,0,0,0,0,0,1,1,0,1,0,0,0,0
S012,1,0,1,0,1,1,0,0,0,0,0,0,0,1,0,0,1,0,1,0,0,0,1,1,0,1,0,0,0,0
S013,1,0,1,1,1,1,1,1,1,0,0,0,0,1,1,0,1,0,1,0,0,0,1,1,1,1,0,0,0,0
S014,0,1,0,0,1,0,0,0,0,0,0,0,0,0,0,0,0,0,0,0,0,0,0,0,0,0,1,0,0,0
S015,1,0,0,0,0,0,0,0,0,0,0,0,0,0,0,0,0,0,0,0,0,0,0,1,0,0,0,0,0,0
S016,0,1,0,0,0,0,0,0,0,0,0,0,1,1,0,0,1,1,0,0,0,0,1,1,0,0,1,0,0,0
S017,0,1,0,1,0,0,0,0,0,0,0,0,1,0,1,0,0,1,0,0,0,0,1,0,1,0,0,0,0,0
S018,1,1,1,1,1,1,0,0,0,0,0,0,1,1,1,0,1,0,0,0,1,0,1,1,1,1,0,0,0,0
S019,1,0,1,1,0,0,0,0,0,0,0,0,1,0,0,0,0,0,0,0,0,0,1,0,1,0,0,0,0,0
S020,1,0,1,0,0,0,0,0,0,0,0,0,0,1,1,0,0,0,0,0,0,0,1,0,0,0,0,1,0,0
S021,1,1,1,1,1,1,0,1,1,1,1,0,1,0,0,1,1,1,1,1,0,0,1,1,1,0,1,1,0,0
S022,1,1,1,0,0,1,0,0,0,0,0,0,1,1,1,1,0,0,0,0,0,0,1,0,1,0,1,1,0,0
S023,1,0,1,1,1,1,1,1,0,1,0,0,1,1,0,0,0,1,0,0,0,0,1,1,1,0,0,0,1,0
S024,1,0,1,0,0,0,0,0,0,0,0,0,0,1,0,0,0,0,0,0,0,0,1,0,0,0,0,0,0,0
S025,1,1,0,1,0,0,1,0,0,0,0,0,1,1,1,0,0,0,0,0,0,0,1,0,1,1,0,0,0,0
S026,1,0,1,1,1,1,1,0,0,0,0,0,1,1,0,1,0,1,1,0,1,0,1,1,1,1,1,0,0,0
S027,0,1,1,0,0,0,0,0,0,0,0,0,0,0,0,0,0,0,0,0,0,0,0,0,1,0,0,0,0,0
S028,1,1,1,1,1,1,1,0,1,0,0,0,1,0,1,1,1,1,1,0,0,0,1,1,1,0,0,1,0,0
S029,1,1,0,1,0,1,0,0,0,0,0,0,1,0,1,0,0,0,0,0,0,0,1,1,0,1,0,0,0,0
S030,0,1,0,1,0,0,1,0,0,0,0,0,0,1,1,1,0,0,0,0,0,0,1,0,1,0,1,0,0,0
S031,0,1,0,1,0,0,0,0,0,0,0,0,1,1,1,0,0,0,0,0,0,0,0,1,1,0,0,0,1,0
S032,1,1,1,1,1,1,0,1,0,1,1,0,0,1,1,1,1,0,1,0,0,1,1,1,1,1,1,0,1,1
S033,1,1,1,0,0,1,0,0,1,0,0,0,1,1,1,1,0,1,0,0,0,0,1,1,0,0,0,1,0,0
S034,1,1,1,0,0,0,0,0,0,0,0,0,1,0,0,0,1,1,0,0,0,0,1,0,0,0,0,0,0,0
S035,0,1,1,1,0,1,1,1,0,0,0,0,1,1,1,1,1,1,0,0,0,0,1,1,0,1,1,1,1,0
S036,1,0,0,0,0,0,0,0,0,0,0,0,1,1,0,1,0,0,0,0,0,0,0,1,0,0,0,0,0,0
S037,0,1,1,0,1,1,1,0,0,0,0,0,1,1,1,0,1,0,1,0,0,0,1,1,0,1,1,1,0,0
S038,0,1,0,1,0,0,0,0,0,0,0,0,0,0,0,0,0,0,0,0,0,0,1,1,0,0,0,0,0,0
S039,1,1,0,0,0,0,0,0,0,0,0,0,0,1,0,0,1,0,0,0,0,0,1,0,0,1,0,0,0,0
S040,1,1,0,0,1,0,1,0,0,0,0,0,0,1,1,1,0,1,0,1,0,0,1,1,0,0,0,0,1,0
S041,1,1,1,1,1,1,1,0,1,1,0,0,1,1,0,1,0,1,1,1,0,0,1,1,1,0,0,0,0,0
S042,1,0,1,1,1,0,1,0,0,0,0,0,1,1,1,0,0,0,1,0,0,0,1,1,1,0,0,1,0,0
S043,1,1,1,0,0,1,0,0,0,0,1,0,1,0,1,1,0,0,0,0,0,0,1,1,1,1,0,0,0,0
S044,1,1,1,1,1,1,1,0,0,0,0,0,1,1,0,0,1,0,0,0,0,0,0,0,0,0,0,0,0,0
S045,0,0,0,1,0,0,0,0,0,0,0,0,0,0,0,0,0,0,0,0,0,0,1,0,0,0,0,0,0,0
S046,1,1,1,1,0,0,0,0,0,0,0,0,1,0,0,1,0,0,0,0,0,0,0,1,0,1,0,0,0,0
S047,1,0,0,1,1,0,0,0,0,0,0,0,1,1,0,1,1,1,1,0,0,0,1,1,1,0,0,0,0,0
S048,1,1,1,1,1,1,1,0,1,0,1,0,1,1,1,0,0,1,1,1,1,0,1,1,1,1,1,1,0,1
S049,1,1,0,1,1,1,1,1,0,0,0,0,1,1,1,1,1,0,1,0,1,0,1,1,1,1,0,0,0,0
S050,1,0,0,0,0,0,0,0,0,0,0,0,0,0,0,1,0,0,0,0,0,0,0,0,0,0,1,0,0,0
S051,1,1,1,1,0,1,0,0,0,0,1,0,1,1,1,1,0,1,0,0,0,0,1,1,1,1,0,0,0,0
S052,0,0,1,0,0,0,0,0,0,0,0,0,1,0,0,0,0,0,0,0,0,0,1,0,0,0,0,0,0,0
S053,1,1,0,0,0,0,1,0,0,0,0,0,0,1,1,0,0,0,0,1,0,0,1,1,1,0,0,0,0,0
S054,1,1,1,1,0,0,1,0,0,0,1,0,1,1,1,1,1,1,1,0,0,0,1,1,1,0,0,1,0,0
S055,1,1,1,1,1,1,1,0,1,1,1,0,1,1,1,1,1,0,0,1,1,0,1,1,1,1,1,1,0,1
S056,1,1,0,0,1,1,1,0,1,0,1,0,1,1,1,0,1,0,0,0,0,0,1,0,1,1,1,1,0,0
S057,1,1,0,0,1,0,0,0,0,0,0,0,1,1,0,0,0,1,0,0,0,0,1,1,1,0,0,0,0,0
S058,0,1,0,1,0,0,0,0,0,0,0,0,1,1,0,0,0,0,0,0,0,0,0,1,1,0,1,0,0,0
S059,1,1,1,1,1,1,1,0,1,0,0,0,1,0,0,0,0,0,1,0,0,0,1,0,1,1,1,0,0,1
S060,1,1,1,1,1,1,0,1,1,1,0,0,1,1,1,1,1,1,0,1,1,0,1,1,0,1,1,1,1,0
S061,1,0,1,0,1,1,0,0,1,0,0,0,0,0,1,0,0,0,0,0,0,0,1,1,0,0,0,0,0,0
S062,1,1,1,0,1,0,1,0,0,0,0,0,0,0,1,1,0,1,0,0,0,0,1,1,1,1,0,0,0,0
S063,1,1,1,0,0,0,0,0,0,0,0,0,0,1,1,0,0,0,0,0,0,0,0,0,0,1,0,0,0,0
S064,1,0,0,0,0,0,0,0,0,0,0,0,1,1,0,0,1,0,0,0,0,0,1,1,1,0,0,0,0,0
S065,1,1,1,1,1,1,1,1,1,0,0,0,1,1,1,1,1,0,1,1,0,0,1,1,1,1,0,0,1,0
S066,1,1,1,1,1,1,1,1,1,0,0,0,1,1,1,0,1,1,1,0,1,0,1,1,0,1,1,0,1,1
S067,1,1,1,0,0,0,0,1,0,0,0,0,0,1,1,1,0,1,0,0,0,0,1,1,0,1,1,0,0,0
S068,1,1,1,1,1,0,0,0,1,1,0,0,1,1,1,0,1,0,0,1,0,0,1,1,1,1,1,1,1,0
S069,1,1,1,1,1,0,1,0,0,1,0,0,1,1,1,0,0,1,0,0,0,0,1,1,1,1,0,1,1,0
S070,1,1,1,1,1,0,1,0,1,0,0,0,1,0,0,1,0,0,0,0,0,0,1,0,1,0,0,0,0,0
S071,1,1,1,1,1,0,0,1,0,0,0,1,1,1,1,0,1,1,0,1,0,0,1,1,1,1,1,1,0,0
S072,1,1,1,1,1,0,1,1,0,0,1,0,1,1,1,1,1,1,1,1,0,0,1,1,1,1,1,1,1,0
S073,1,1,1,1,1,1,0,1,0,0,0,0,1,0,0,0,0,0,0,0,0,0,1,1,1,1,0,0,0,0
S074,1,1,1,1,1,1,1,1,1,1,1,1,1,1,1,1,0,1,1,1,1,0,1,1,1,1,1,0,1,0
S075,1,0,0,0,0,0,0,0,0,0,0,0,1,0,0,0,0,0,0,0,0,0,1,0,0,0,0,0,0,0
S076,1,1,1,1,1,0,1,1,1,1,0,0,1,1,1,1,1,0,0,0,0,0,0,1,1,1,1,1,1,0
S077,1,1,1,0,1,0,0,0,0,0,0,0,1,0,1,1,0,0,0,0,0,0,1,0,1,1,1,0,0,0
S078,1,1,0,1,0,0,1,1,1,0,0,0,1,0,0,1,0,0,0,0,0,0,1,1,1,0,1,0,0,0
S079,1,1,1,1,1,0,0,0,1,0,0,1,1,0,1,1,1,1,0,1,0,0,1,0,1,1,0,0,0,1
S080,0,1,0,0,0,0,0,0,0,0,0,0,0,0,1,0,0,0,0,0,0,0,1,0,0,0,0,0,0,0
S081,0,1,0,1,1,1,0,0,0,0,1,0,1,1,1,0,1,0,0,0,0,0,1,1,1,0,0,0,0,0
S082,1,1,1,1,0,1,1,0,0,0,0,0,0,0,1,0,1,1,0,0,1,0,1,0,1,1,0,0,0,0
S083,1,1,1,1,1,1,0,1,1,1,0,0,1,1,1,1,1,1,1,1,1,0,1,0,1,1,1,1,1,1
S084,0,1,0,0,0,0,0,0,0,0,0,0,1,1,0,0,1,1,1,0,0,0,0,0,1,1,0,0,0,0
S085,0,0,1,0,0,0,0,1,0,0,0,0,0,1,1,1,0,0,0,0,0,0,1,1,0,1,0,0,0,0
S086,1,1,0,0,0,0,0,0,0,0,0,0,0,0,1,0,1,0,0,0,1,0,1,1,1,0,0,0,0,1
S087,1,1,1,1,1,1,1,1,1,0,0,0,1,1,1,0,1,0,0,0,1,0,0,1,1,1,1,0,0,0
S088,1,1,1,0,1,1,1,0,0,1,1,0,1,0,1,1,1,1,0,1,0,0,0,0,0,1,1,1,0,0
S089,0,1,1,1,0,1,0,0,0,0,0,0,1,0,0,1,0,0,0,1,0,1,1,1,1,1,0,0,0,0
S090,1,1,1,1,1,1,0,1,0,1,0,0,1,1,1,1,1,0,0,0,0,0,1,1,1,1,1,0,0,0
S091,1,1,1,0,1,0,0,0,0,0,0,0,1,1,0,0,1,0,1,0,0,0,1,1,0,0,1,0,0,0
S092,1,1,1,1,1,1,1,1,1,0,0,0,1,1,1,1,1,0,0,0,0,0,1,1,1,1,0,0,0,0
S093,0,0,1,0,0,0,0,0,0,0,1,0,0,1,0,0,0,0,0,0,0,0,1,0,1,0,0,0,0,0
S094,0,0,1,1,1,1,0,1,0,0,0,1,1,0,1,1,1,0,1,0,0,0,1,1,1,0,0,0,0,0
S095,1,1,1,1,0,0,0,1,0,0,0,1,1,1,1,0,1,0,0,0,0,0,1,1,0,0,1,0,0,0
S096,0,1,1,0,0,0,1,0,0,0,0,0,0,0,1,0,0,0,0,0,0,0,1,0,0,0,0,0,0,0
S097,1,1,1,1,0,1,1,0,1,0,1,0,1,1,1,1,0,0,0,1,0,0,1,1,1,1,0,1,0,0
S098,1,1,0,0,1,0,1,1,0,0,0,1,1,1,1,1,1,1,1,1,1,1,1,1,1,0,0,0,0,1
S099,1,1,1,1,0,0,1,1,0,0,0,0,1,1,1,1,1,0,0,0,0,1,1,1,1,0,1,0,1,0
S100,1,1,1,0,0,0,1,0,0,0,0,0,1,1,0,1,0,0,0,0,0,0,1,1,1,0,1,0,0,0
S101,0,1,1,0,1,0,1,0,0,0,0,0,1,1,0,0,0,0,0,0,0,0,1,0,0,0,0,0,0,0
S102,1,1,1,1,1,0,0,0,0,0,0,0,1,1,0,1,0,0,0,0,0,0,1,1,1,0,0,0,1,0
S103,0,0,0,1,1,1,1,0,1,0,0,0,0,0,0,0,0,0,0,0,0,0,1,0,1,0,0,0,0,0
S104,1,0,1,0,0,0,1,0,0,0,0,0,1,1,0,0,0,1,0,0,0,0,0,1,1,0,0,0,0,0
S105,1,0,0,0,1,1,1,0,1,1,0,0,0,1,1,1,0,1,0,0,0,0,1,0,0,1,0,0,0,0
S106,1,1,1,1,0,1,0,0,0,0,0,0,1,1,1,1,1,1,0,0,1,0,1,1,1,1,1,0,0,0
S107,1,1,1,1,1,1,1,1,1,1,1,1,1,1,1,1,1,0,1,1,0,0,1,1,1,1,1,1,1,1
S108,1,1,1,1,1,0,0,0,0,0,0,0,1,1,1,1,1,0,0,0,0,0,1,1,1,0,1,0,0,0
S109,1,1,0,1,1,1,1,0,0,0,0,0,1,1,1,1,0,0,0,1,0,0,1,1,0,1,0,1,0,0
S110,1,1,1,1,0,1,0,0,0,0,0,0,0,0,0,1,0,0,0,0,0,0,1,1,0,0,0,0,1,0
S111,1,0,0,0,0,0,0,0,0,0,0,0,1,1,0,1,0,0,0,0,0,0,0,0,0,0,0,0,0,0
S112,0,1,1,1,1,1,1,0,1,0,0,0,1,1,0,1,0,0,1,1,0,0,1,1,1,0,1,0,0,0
S113,0,1,1,1,1,1,1,0,1,0,0,0,1,0,0,1,0,1,0,0,0,0,1,1,0,0,1,1,1,0
S114,1,1,1,1,1,1,1,1,1,1,1,1,1,1,1,1,0,1,1,1,1,1,1,1,1,1,1,1,1,0
S115,1,1,1,1,0,1,0,0,0,0,0,0,1,1,1,0,0,1,0,1,0,0,1,1,1,0,0,0,0,0
S116,1,1,1,1,1,0,0,1,1,0,0,0,1,1,1,1,0,0,0,0,0,0,1,1,1,0,1,0,0,0
S117,1,1,0,1,1,0,0,1,1,0,0,0,1,1,1,0,1,0,1,0,0,0,1,1,0,0,0,0,0,0
S118,0,1,1,0,0,0,0,0,0,0,0,0,1,0,1,0,0,0,0,0,0,0,1,1,0,0,0,0,0,0
S119,0,1,0,1,1,0,0,1,0,0,0,0,1,1,1,1,1,0,0,0,1,0,1,1,1,1,1,0,1,0
S120,1,0,1,1,0,1,1,0,0,1,1,0,1,1,1,1,1,1,1,1,1,0,0,1,0,1,1,1,0,1
S121,1,1,1,0,1,1,1,1,1,1,0,0,1,1,1,0,1,1,1,0,1,0,0,1,1,1,0,1,0,0
S122,1,0,0,0,0,0,0,0,0,1,0,0,1,1,1,0,0,0,0,0,0,0,1,0,0,0,0,0,0,0
S123,0,1,1,1,1,1,1,1,0,1,1,0,1,1,1,1,1,1,1,0,0,0,1,0,1,1,1,1,1,1
S124,1,1,1,0,0,0,1,0,0,0,0,0,1,0,1,0,0,0,0,0,0,0,1,0,0,0,0,1,0,0
S125,1,1,1,0,0,0,1,1,0,1,0,0,1,1,0,1,1,1,1,0,1,0,0,1,1,1,1,1,1,0
S126,1,1,1,1,1,1,1,1,1,0,1,0,0,1,1,1,1,1,1,1,1,1,1,1,1,1,1,1,1,1
S127,0,1,0,0,0,0,0,0,0,0,0,0,0,1,0,1,0,0,0,0,0,0,1,0,1,0,1,0,0,0
S128,1,0,0,0,0,0,0,0,0,0,0,0,0,0,0,0,1,0,0,0,0,0,1,1,1,0,0,0,0,0
S129,0,1,1,1,1,0,1,1,0,0,0,0,1,1,0,1,0,0,0,1,0,0,1,1,1,1,0,0,0,0
S130,1,1,1,1,1,0,1,0,0,0,0,0,1,1,1,0,0,1,0,0,0,0,1,0,1,0,0,0,0,0
S131,0,0,0,0,0,0,0,0,0,0,0,0,1,0,0,0,1,0,0,0,0,0,0,0,0,0,0,0,0,1
S132,1,0,1,1,0,1,1,1,0,0,0,0,1,1,0,1,1,0,0,0,0,0,1,1,1,1,1,1,0,0
S133,1,1,0,0,0,0,0,1,0,0,0,0,1,0,0,0,0,0,0,0,0,0,1,1,0,0,0,0,0,0
S134,1,1,1,1,0,1,1,0,1,0,0,0,1,1,1,1,1,0,0,0,1,0,0,1,1,1,1,0,0,1
S135,1,1,0,1,0,0,0,0,0,0,0,0,1,1,0,0,0,0,0,0,0,0,0,0,0,0,0,0,0,0
S136,1,1,1,1,1,1,1,1,1,1,0,1,1,1,1,0,1,1,1,0,0,0,1,1,1,1,1,1,1,0
S137,1,0,0,1,1,1,0,0,0,0,0,1,0,1,1,0,1,0,0,0,0,0,1,0,1,0,0,0,0,0
S138,1,1,0,0,1,0,0,1,0,0,0,0,1,1,1,0,0,1,0,0,0,0,1,1,0,0,0,0,0,0
S139,1,1,1,1,1,1,0,0,1,1,0,0,0,1,1,1,1,0,1,1,1,0,1,1,1,1,0,0,0,0
S140,0,0,0,1,0,1,0,0,0,0,0,0,1,0,0,0,1,0,0,0,0,0,1,1,1,0,1,0,0,0
S141,1,1,0,1,1,0,0,1,0,0,0,0,1,0,1,1,1,0,1,0,1,0,1,1,1,1,1,0,0,0
S142,1,1,1,0,1,1,1,1,1,1,0,0,1,0,1,1,1,1,0,0,1,0,1,1,1,1,1,1,0,1
S143,1,0,0,1,0,0,0,0,0,0,0,0,1,1,0,0,0,0,0,0,0,0,1,0,0,0,0,0,0,0
S144,1,0,0,1,1,1,0,0,1,0,0,0,1,1,1,0,0,1,0,0,0,0,0,1,1,0,1,1,0,0
S145,1,1,1,1,1,0,1,0,0,0,0,0,1,1,1,0,1,0,0,0,1,0,1,1,1,0,0,1,0,0
S146,1,1,1,1,1,1,1,1,0,0,0,0,1,1,0,1,1,0,1,0,0,0,1,1,1,0,0,0,0,0
S147,1,1,0,0,0,1,0,0,0,0,0,0,1,0,1,1,0,0,0,0,0,0,1,0,0,0,1,0,0,0
S148,1,0,0,1,0,0,1,0,0,0,0,0,1,0,0,0,0,0,0,0,0,0,1,1,0,0,0,0,0,0
S149,1,1,1,1,1,0,0,0,0,0,0,0,1,1,1,1,0,0,0,0,0,0,1,1,0,0,0,0,0,0
S150,1,1,1,1,1,0,1,0,1,1,0,0,1,0,0,1,1,0,0,0,0,0,1,1,1,1,1,1,0,0
S151,0,0,1,1,0,1,1,1,0,0,1,0,1,0,1,1,1,1,0,0,0,0,1,0,1,1,0,0,1,0
S152,1,1,1,1,1,1,1,0,1,0,0,0,1,0,1,1,0,0,1,1,0,0,1,1,1,0,0,1,0,1
S153,1,0,1,0,1,0,0,0,0,0,0,0,1,0,0,0,0,0,0,0,0,0,1,1,1,1,0,0,0,0
S154,0,1,1,1,1,1,1,0,0,1,0,0,1,1,0,1,0,1,0,0,0,0,1,1,0,0,1,0,0,0
S155,0,1,1,1,1,0,0,0,0,0,0,0,1,1,1,1,0,1,0,1,1,0,0,0,0,0,1,0,0,0
S156,1,1,0,1,0,0,0,0,0,0,0,0,0,1,0,1,0,0,0,0,0,0,0,1,0,0,0,0,0,0
S157,1,1,1,0,1,1,1,1,1,0,1,0,1,1,1,1,1,1,1,0,1,0,1,1,1,1,1,1,1,1
S158,1,1,1,0,0,1,0,1,1,0,0,0,1,1,0,0,0,1,0,1,0,0,1,1,1,0,0,0,0,0
S159,1,1,0,0,0,0,0,0,0,0,0,0,0,0,0,0,0,0,1,0,0,0,1,1,0,1,0,0,0,0
S160,1,1,1,1,0,1,1,1,1,0,0,1,1,1,1,1,0,0,1,1,0,0,1,1,1,0,0,1,1,0
S161,1,0,1,1,0,0,0,0,0,0,0,0,1,0,0,0,0,0,0,0,0,0,0,1,0,1,0,0,0,0
S162,1,1,1,1,1,1,1,1,0,0,1,0,1,0,1,1,1,0,1,0,1,1,1,1,1,1,1,1,0,1
S163,1,1,1,1,1,1,1,1,1,0,0,0,1,1,1,1,1,1,1,0,0,0,1,1,1,1,0,1,0,0
S164,0,1,1,0,0,1,1,0,1,0,0,0,1,1,1,1,0,0,0,0,0,0,0,0,1,1,0,0,0,0
S165,1,1,0,1,0,1,0,0,1,0,0,0,1,1,1,1,0,1,1,0,0,0,1,0,1,1,1,1,0,0
S166,1,1,1,0,1,1,1,0,1,0,0,0,1,1,1,1,1,1,0,0,0,0,1,1,1,1,1,1,0,0
S167,1,0,0,1,0,0,1,0,1,1,0,0,1,1,1,1,1,1,0,1,0,0,1,1,1,1,0,0,0,0
S168,1,1,1,1,1,1,1,1,0,1,1,1,1,1,1,1,1,1,1,1,1,1,1,1,1,1,1,1,1,1
S169,0,0,1,0,0,0,1,0,0,0,0,0,1,1,1,1,1,0,0,0,0,0,0,1,0,1,1,0,1,0
S170,1,0,0,1,1,0,0,1,0,0,0,0,0,0,0,1,0,0,0,0,0,0,1,0,1,0,0,0,0,0
S171,1,1,0,1,0,0,1,0,0,0,0,0,0,0,1,0,0,0,0,0,0,0,1,0,0,0,0,0,0,0
S172,0,1,0,0,0,0,0,0,0,0,0,0,1,1,0,0,0,0,0,0,0,0,1,1,0,0,0,0,0,0
S173,1,1,1,1,1,0,0,0,0,0,0,0,1,1,0,0,1,0,0,0,0,0,1,1,0,0,1,0,0,0
S174,0,1,1,1,0,0,1,0,1,0,0,0,1,1,1,1,0,1,0,1,0,0,1,1,0,1,0,1,0,0
S175,1,1,1,1,1,1,0,0,0,1,0,0,1,1,0,1,1,1,1,1,0,0,1,1,1,1,1,0,0,0
S176,1,1,1,1,1,1,0,1,0,0,0,0,1,1,1,1,0,1,1,0,0,0,1,1,1,1,0,0,1,0
S177,1,1,1,0,1,0,0,0,0,0,0,0,0,1,1,1,1,1,1,0,1,0,1,0,1,1,1,0,0,0
S178,1,1,1,1,1,1,1,1,1,0,1,1,1,1,1,1,1,1,1,0,1,1,1,1,1,1,1,1,0,0
S179,0,1,0,0,0,0,1,0,0,1,0,0,1,1,0,0,1,0,0,0,0,0,1,1,0,1,0,0,0,0
S180,1,1,1,1,1,1,1,1,1,1,1,1,1,1,1,1,1,1,1,1,1,1,1,1,1,1,1,1,1,0
S181,1,1,1,1,0,1,0,1,0,0,0,0,1,1,0,1,1,1,1,0,0,1,0,1,0,1,0,0,0,0
S182,1,1,0,0,1,1,0,0,0,0,0,0,0,1,1,0,1,1,0,0,0,0,1,0,0,0,0,0,0,0
S183,0,1,0,0,1,0,0,0,0,0,0,0,0,1,1,1,0,0,0,0,0,0,0,0,0,0,0,0,0,0
S184,0,1,1,0,1,1,1,0,0,0,0,0,1,0,1,1,1,1,0,0,0,0,1,1,1,1,1,1,0,0
S185,1,1,0,1,0,0,0,0,0,0,0,1,1,1,1,1,1,0,0,0,1,0,0,0,0,0,1,0,0,0
S186,1,1,1,1,0,1,1,0,0,0,0,0,1,0,1,1,1,1,1,0,0,0,1,1,1,1,1,0,0,0
S187,1,1,1,1,1,1,1,0,0,0,0,0,1,1,0,0,0,1,0,1,1,0,1,1,1,0,0,0,0,0
S188,0,1,0,0,0,0,1,0,0,0,0,0,0,1,0,1,0,0,1,0,0,0,0,1,1,1,0,0,1,0
S189,1,1,0,1,1,0,0,0,0,0,0,0,1,1,0,0,1,0,0,0,0,0,0,1,0,1,1,0,0,0
S190,1,0,0,0,0,0,0,0,0,0,0,0,1,1,0,0,0,0,0,0,0,0,0,1,0,0,0,1,0,0
S191,0,1,1,0,0,0,1,0,0,0,0,0,1,1,0,0,0,0,1,0,0,0,1,1,0,0,0,0,1,0
S192,1,1,1,1,1,1,1,1,1,0,0,0,1,1,1,1,1,1,1,0,0,1,1,1,1,1,1,1,0,0
S193,1,1,1,1,1,0,0,0,1,0,0,0,1,1,0,1,0,1,0,0,0,0,1,1,0,1,1,1,0,0
S194,1,0,0,0,0,1,0,0,0,0,0,0,0,1,0,0,1,0,0,0,0,0,0,0,1,0,0,0,0,0
S195,1,1,1,1,1,1,0,1,1,0,0,0,0,1,0,1,0,0,0,0,0,0,1,1,1,1,0,0,0,0
S196,1,1,1,0,0,1,0,0,0,0,0,0,0,1,1,1,1,0,0,1,0,0,1,1,1,1,0,0,0,0
S197,1,1,0,0,0,0,0,0,0,0,0,0,1,1,1,1,0,0,0,0,0,0,0,1,0,0,0,0,0,0
S198,1,1,1,1,1,0,0,0,1,0,0,0,1,1,1,0,1,0,1,0,0,0,1,0,0,0,1,0,0,0
S199,1,1,1,1,0,1,1,0,0,0,0,0,1,1,1,1,0,0,0,0,1,0,1,0,1,1,0,0,0,0
S200,0,1,0,1,1,1,0,0,0,0,0,0,1,1,1,0,1,1,1,0,0,0,0,0,1,0,0,0,0,0
S201,1,1,0,1,0,1,0,1,1,0,0,0,1,1,1,1,1,1,0,1,0,1,1,1,1,1,0,0,0,0
S202,1,1,1,1,1,1,0,1,0,0,0,0,1,1,1,1,0,0,1,1,0,0,1,0,1,1,1,1,0,0
S203,1,1,1,1,1,1,1,1,1,1,0,0,1,1,1,1,1,1,1,1,0,1,1,1,0,1,0,1,0,0
S204,1,1,1,1,0,1,1,0,1,0,0,0,1,1,0,1,0,0,0,0,0,0,1,1,1,1,0,0,1,0
S205,1,0,0,0,0,0,0,0,0,1,0,0,1,0,0,0,0,0,0,0,0,0,1,0,0,0,0,0,0,0
S206,1,1,0,1,1,0,1,0,0,0,0,0,0,1,0,1,0,0,0,0,0,0,1,1,1,0,0,0,0,0
S207,1,1,1,1,1,0,1,0,0,0,0,0,1,1,1,1,1,1,1,0,0,0,1,1,1,1,0,1,0,1
S208,1,0,1,1,1,1,1,0,1,0,0,0,1,1,1,1,0,0,1,0,0,0,1,1,1,1,0,0,1,0
S209,1,1,1,1,0,1,1,0,0,1,0,0,0,1,1,1,0,1,0,0,0,0,1,1,1,0,0,1,0,0
S210,1,1,1,1,1,1,1,0,1,1,1,1,1,1,1,1,1,1,1,1,1,1,1,1,1,1,1,1,0,1
S211,1,1,1,0,0,0,1,1,0,0,1,1,0,1,0,0,0,1,0,0,0,1,0,0,1,1,0,1,0,0
S212,1,1,1,1,1,1,1,1,1,0,1,0,1,1,1,1,0,1,1,0,0,1,1,1,0,1,1,1,0,0
S213,1,1,1,1,1,1,1,1,0,1,1,0,1,1,0,1,1,0,0,1,1,0,1,1,1,0,1,0,1,0
S214,1,1,1,1,1,1,0,0,0,1,1,0,1,1,0,1,1,1,0,0,1,0,1,1,1,1,0,0,0,0
S215,0,1,1,0,1,0,1,0,0,0,0,0,1,1,0,1,1,0,0,0,0,0,1,1,0,0,0,0,0,0
S216,1,0,1,1,1,1,1,1,0,0,0,0,1,1,0,1,0,0,0,0,1,0,1,1,1,0,1,0,0,0
S217,1,1,0,1,0,0,0,0,0,0,0,0,1,0,1,0,1,0,0,0,0,0,1,1,0,0,0,0,0,0
S218,1,1,0,0,1,1,0,1,0,0,0,0,1,0,0,0,1,0,0,0,0,0,1,1,0,1,0,0,1,0
S219,1,0,0,0,0,1,0,0,0,0,0,0,1,1,0,0,0,1,0,0,0,0,1,1,1,1,0,0,0,0
S220,1,1,1,1,0,1,0,0,0,0,0,0,1,1,1,1,0,0,0,0,0,0,0,0,0,0,1,0,0,0
S221,1,1,1,1,1,1,0,1,1,1,1,0,1,1,1,1,1,1,0,1,1,0,1,1,1,1,1,1,1,1
S222,0,0,0,0,0,0,0,0,0,0,0,0,1,0,0,1,0,0,0,0,0,0,0,0,0,0,1,0,0,0
S223,1,1,0,1,1,1,1,1,1,0,0,1,1,1,1,1,1,1,0,0,0,0,1,1,1,1,0,1,0,0
S224,0,0,0,1,0,0,0,0,0,0,0,0,1,0,0,0,1,0,1,0,0,0,0,1,0,0,0,0,0,0
S225,1,0,1,0,0,1,1,0,0,0,0,0,0,1,1,1,0,1,1,0,0,0,1,0,0,0,0,0,0,0
S226,1,1,1,1,1,1,0,1,1,0,1,1,1,1,1,1,1,1,1,1,1,0,1,1,1,1,0,0,0,1
S227,1,1,1,1,0,1,1,0,0,0,0,0,1,0,0,1,1,0,1,0,1,0,1,1,1,1,0,0,0,0
S228,1,1,1,1,1,0,0,0,0,0,0,0,0,1,1,0,0,0,0,0,0,0,1,0,0,0,0,0,0,0
S229,1,1,1,0,0,0,0,1,0,0,0,0,1,0,1,0,0,0,0,0,0,0,1,1,0,0,0,0,0,0
S230,1,1,1,1,1,0,1,1,0,1,0,0,0,1,1,1,1,0,1,0,0,0,0,1,1,1,1,1,0,0
S231,1,1,0,0,0,0,0,0,0,0,0,0,0,0,1,0,0,1,0,0,0,0,1,0,0,0,0,0,0,0
S232,0,1,1,0,1,1,0,0,1,0,0,0,0,1,0,1,1,1,1,0,0,0,0,1,1,1,0,0,0,0
S233,1,1,1,1,0,1,0,0,0,0,0,0,1,1,0,1,0,1,1,0,0,0,1,1,0,1,0,0,0,0
S234,0,1,1,1,1,1,0,0,0,0,0,0,1,1,0,0,0,0,0,0,0,0,0,0,0,0,0,0,0,0
S235,0,1,1,1,1,1,1,1,1,1,1,1,1,1,1,1,1,1,1,1,1,1,1,1,1,1,1,1,1,1
S236,1,1,0,0,0,0,1,1,0,0,0,0,1,1,1,1,0,0,1,0,0,0,1,1,1,1,1,0,0,0
S237,0,1,0,0,0,0,0,0,0,0,0,0,0,0,0,0,0,0,0,0,0,0,0,0,0,0,0,0,0,0
S238,1,1,0,1,0,0,0,0,0,0,0,0,1,1,0,0,1,1,0,0,0,0,1,1,1,0,0,0,0,0
S239,0,1,0,1,0,1,0,0,0,0,0,0,0,1,0,0,0,1,0,0,1,0,1,1,1,1,0,0,0,0
S240,1,1,1,1,1,0,1,1,1,0,0,0,1,1,1,1,1,1,0,0,1,0,1,1,0,1,1,0,0,0
S241,1,1,1,0,0,0,0,0,1,0,0,0,1,0,0,0,0,0,0,0,0,0,1,1,1,0,0,0,0,0
S242,1,1,1,0,1,1,1,0,0,0,0,0,1,0,0,1,1,1,0,0,0,0,1,0,0,0,0,0,1,0
S243,1,1,1,1,1,1,0,1,0,0,0,0,1,0,1,1,0,1,0,1,1,0,1,1,1,1,1,0,0,0
S244,1,1,1,1,1,1,1,1,1,0,1,1,1,1,1,1,1,1,0,0,0,0,1,1,1,1,1,0,0,0
S245,1,1,0,1,1,0,0,0,0,0,0,0,1,0,1,0,0,0,0,0,0,0,1,0,0,0,0,0,0,0
S246,1,1,1,1,0,0,1,0,1,0,0,0,1,0,1,0,0,0,0,0,0,0,1,1,1,1,0,0,0,0
S247,0,1,1,1,0,1,1,0,0,0,0,0,0,1,1,0,0,0,0,0,0,0,1,1,0,0,0,0,1,0
S248,1,0,1,1,0,0,0,0,0,0,0,0,0,1,1,0,1,0,0,0,1,0,1,0,0,1,1,0,0,0
S249,1,1,1,1,1,1,1,0,1,0,0,1,1,1,1,1,1,1,0,1,1,1,1,1,1,1,1,1,1,0
S250,1,1,1,1,0,1,1,1,1,1,0,0,1,1,1,0,1,1,0,0,0,0,1,1,1,1,1,1,0,0
S251,0,1,1,0,0,0,0,0,0,0,0,0,0,0,0,0,0,0,0,0,0,0,1,1,0,0,0,0,0,0
S252,1,1,1,1,1,1,1,1,0,0,0,0,1,1,1,1,1,1,1,1,0,0,1,1,1,0,1,0,0,0
S253,1,1,1,1,1,1,1,1,1,1,1,1,1,1,0,1,1,1,1,1,1,1,1,1,1,1,1,0,1,1
S254,1,1,1,1,1,1,1,1,1,0,0,0,1,1,1,1,1,1,1,1,0,0,1,1,1,1,1,1,0,0
S255,0,0,0,1,0,0,0,0,0,0,0,0,1,1,0,0,0,0,0,0,0,0,1,0,0,0,0,0,0,0
S256,1,1,1,0,0,1,0,0,0,0,0,0,0,0,0,0,0,0,1,0,0,0,1,0,0,0,0,0,0,0
S257,1,1,1,1,1,1,0,1,1,0,1,0,1,1,1,1,1,0,0,1,1,0,1,1,1,1,1,0,1,0
S258,0,0,1,0,0,0,0,0,0,0,0,0,1,0,0,0,0,0,0,0,0,0,1,0,1,0,1,0,0,0
S259,1,1,0,1,1,1,0,0,0,1,0,0,1,1,1,1,0,0,0,1,0,0,1,1,1,1,1,0,1,0
S260,1,1,0,0,1,1,1,0,1,0,0,1,1,0,1,1,0,1,1,1,0,1,1,1,1,0,0,0,0,0
S261,0,0,0,1,0,1,0,0,0,0,0,0,1,1,0,0,0,0,0,0,0,0,1,0,1,0,0,0,0,0
S262,1,1,1,1,0,0,0,0,0,0,0,0,1,1,0,1,0,0,0,0,0,0,1,1,1,0,1,1,0,0
S263,0,0,0,0,0,0,0,0,0,0,0,0,1,1,0,0,0,0,0,0,0,0,1,0,0,0,0,0,0,0
S264,1,0,1,1,0,0,0,0,1,0,0,0,0,0,1,0,0,0,0,0,0,0,0,1,0,0,0,0,0,0
S265,1,1,1,0,0,0,1,0,0,0,0,0,1,0,1,1,1,0,0,0,0,0,1,1,1,0,0,0,0,0
S266,0,1,1,0,0,0,0,0,0,0,0,0,0,0,0,0,0,1,0,0,0,0,0,1,1,0,0,0,0,0
S267,1,1,1,1,1,1,1,1,1,1,1,0,1,1,1,1,1,1,0,0,0,0,1,1,1,0,1,1,1,0
S268,0,0,1,0,0,0,0,0,0,0,0,0,0,0,0,0,0,0,0,0,0,0,0,0,1,0,0,0,0,0
S269,1,1,1,0,0,0,0,0,0,0,0,0,0,1,1,1,0,0,0,0,0,0,0,0,1,1,0,0,0,0
S270,1,1,1,1,1,1,1,0,0,0,0,0,1,0,0,1,1,0,0,1,0,0,1,1,1,1,0,0,0,0
S271,1,1,1,1,1,1,1,1,0,1,1,1,1,1,1,1,1,1,1,0,1,0,1,1,0,1,1,1,0,1
S272,0,0,1,0,0,0,0,0,0,0,0,0,1,1,1,0,0,0,0,0,0,0,1,1,0,0,0,0,0,0
S273,1,1,0,1,1,1,1,1,0,0,0,0,0,1,1,1,1,1,0,1,1,0,1,1,1,1,1,1,1,1
S274,1,1,1,1,1,0,1,1,0,1,0,0,1,0,1,1,0,1,0,0,0,0,1,1,1,0,1,0,0,0
S275,1,1,0,0,0,0,0,0,0,0,0,0,1,0,0,0,0,1,0,0,0,0,1,1,1,0,0,1,0,0
S276,1,1,1,0,1,1,0,0,0,1,0,0,1,0,1,0,1,1,0,0,1,0,1,1,1,0,1,1,0,0
S277,1,0,1,0,1,1,0,0,0,0,0,0,1,1,1,0,1,1,0,0,0,0,1,0,0,1,0,1,1,0
S278,1,1,1,1,1,0,0,0,0,0,0,0,0,0,0,0,0,1,0,0,0,0,1,0,1,0,0,0,0,0
S279,1,0,1,1,1,0,1,0,0,0,0,0,1,1,0,1,0,0,0,1,0,0,1,0,1,0,0,0,0,0
S280,1,1,1,1,0,0,0,0,0,0,0,0,1,0,1,1,0,0,0,0,0,0,1,1,1,0,0,0,0,0
S281,1,1,0,0,1,0,0,1,0,0,0,0,1,1,1,0,1,0,0,0,0,0,1,1,1,0,1,1,0,0
S282,1,1,1,1,1,1,1,1,1,1,0,0,1,1,1,1,1,0,0,0,1,0,1,1,0,0,0,0,0,0
S283,1,1,1,1,1,1,1,1,1,1,1,0,1,1,1,1,1,1,1,1,1,0,1,1,1,1,1,1,0,0
S284,1,0,0,1,0,0,1,0,0,0,0,0,0,1,0,0,0,0,1,1,0,0,1,1,0,0,0,0,0,0
S285,1,1,1,1,1,1,1,1,0,0,1,1,1,1,1,1,1,1,1,0,1,0,1,1,1,1,1,1,1,1
S286,0,1,1,0,0,1,0,0,0,0,0,0,0,0,0,1,0,0,0,0,0,0,1,0,0,0,0,0,0,0
S287,0,1,1,0,0,1,1,0,1,0,0,0,1,0,1,0,0,0,0,1,1,0,1,1,0,1,0,0,0,0
S288,1,1,1,1,1,0,1,1,0,0,0,0,1,1,1,1,1,0,1,1,0,1,1,1,0,1,0,0,1,0
S289,1,1,1,1,1,1,1,1,0,0,0,0,1,1,0,1,1,0,1,0,0,0,1,1,1,1,1,1,0,0
S290,1,1,1,0,0,0,0,0,0,1,0,0,1,0,0,0,1,0,0,0,0,0,1,0,0,0,0,0,0,0
S291,1,1,0,1,1,1,0,0,0,0,0,0,1,1,1,1,1,0,1,0,0,0,1,0,0,0,0,0,0,0
S292,0,1,1,0,0,0,1,0,0,0,0,0,0,1,1,1,0,0,1,0,0,0,1,0,1,0,0,0,0,0
S293,1,1,1,1,1,0,0,1,0,0,0,0,0,0,1,0,0,1,0,0,0,0,1,1,0,0,0,0,0,0
S294,1,1,1,1,1,1,1,0,0,0,0,0,1,1,1,1,1,1,0,1,0,0,1,1,0,1,0,0,0,0
S295,1,1,0,1,1,1,0,1,1,0,0,0,1,1,1,1,1,0,1,0,0,0,1,1,1,1,0,1,1,1
S296,1,1,1,0,0,1,1,1,0,0,0,0,0,0,0,1,0,0,1,0,0,0,1,0,1,0,0,0,0,1
S297,1,1,1,1,1,0,1,0,1,0,0,0,1,1,1,1,1,1,1,1,0,0,1,1,1,1,1,0,1,0
S298,1,1,1,1,0,1,0,1,0,0,0,0,1,1,0,1,0,0,0,0,0,0,1,1,0,0,1,0,1,0
S299,1,1,1,1,1,1,1,0,0,0,0,1,0,1,1,1,1,1,1,1,0,1,1,1,1,1,0,1,1,0
S300,1,1,1,1,1,1,1,1,0,0,0,0,1,1,0,0,1,1,1,1,0,0,1,0,1,0,0,0,0,0
S301,1,0,0,1,0,0,0,0,0,0,0,0,0,0,0,0,0,0,0,0,0,0,1,0,0,0,0,0,0,0
S302,1,1,1,0,0,0,0,0,1,0,0,0,1,0,1,0,0,0,0,0,0,0,1,0,1,0,0,0,1,0
S303,1,1,1,1,1,1,1,1,0,0,1,0,1,1,1,1,1,0,0,1,0,0,1,1,1,1,1,1,0,0
S304,1,0,1,1,1,1,1,0,0,0,0,0,1,1,1,0,0,1,0,1,0,0,1,1,1,1,0,1,0,0
S305,0,0,1,0,1,1,1,1,0,0,0,0,1,1,0,1,0,0,0,0,0,0,1,0,1,0,0,1,0,0
S306,1,1,1,0,1,1,1,0,0,0,0,0,1,0,1,1,1,0,0,0,0,0,1,1,0,0,0,0,0,0
S307,1,0,1,1,1,0,0,1,0,0,1,1,1,1,1,1,1,0,0,1,0,0,1,1,1,1,1,1,1,0
S308,1,1,0,1,0,0,0,0,0,0,0,0,1,0,0,0,1,0,0,0,0,0,1,1,1,0,0,0,0,0
S309,1,1,0,1,0,0,0,1,0,0,0,0,1,1,1,0,1,1,1,0,0,0,1,1,1,1,0,1,0,0
S310,1,1,0,0,1,0,0,1,0,0,0,0,1,0,1,1,0,1,0,0,0,0,1,0,1,0,0,0,0,0
S311,1,1,1,0,0,1,0,0,0,0,0,0,1,1,1,1,1,1,1,0,0,0,0,1,1,1,0,0,1,0
S312,1,1,1,1,1,1,1,1,0,1,0,1,1,1,1,0,1,1,1,1,0,0,1,1,0,1,0,1,0,0
S313,1,1,1,1,1,1,1,1,1,1,0,0,1,1,1,1,0,0,0,0,1,0,1,1,1,1,1,0,1,0
S314,1,1,1,1,1,1,0,1,1,0,0,0,1,1,0,1,1,1,1,0,0,0,1,1,0,1,1,1,1,0
S315,1,1,1,1,1,1,1,1,0,0,0,0,1,0,0,1,1,1,1,1,1,1,1,1,0,1,1,1,1,0
S316,1,0,1,1,0,1,1,0,0,1,0,0,1,0,1,1,0,1,0,0,1,0,0,1,1,1,1,0,0,0
S317,1,1,1,1,1,1,0,0,1,1,0,0,1,1,1,0,0,1,0,1,0,0,1,0,1,1,1,0,0,0
S318,1,0,1,1,0,0,0,0,0,0,0,0,1,1,1,1,0,0,0,1,1,0,1,1,1,0,1,1,0,0
S319,1,0,1,1,1,1,0,0,0,0,0,0,1,1,0,1,1,0,0,0,0,0,1,1,0,1,1,1,0,0
S320,1,0,0,0,1,1,1,0,0,0,0,0,1,1,1,1,0,0,1,0,0,0,1,0,0,0,0,0,0,0
S321,1,1,1,0,1,1,0,1,1,0,0,0,0,1,1,1,0,0,1,0,0,0,1,0,1,1,1,0,0,0
S322,0,1,1,1,0,1,0,0,0,0,0,0,1,0,1,1,0,1,0,0,0,0,1,1,1,0,0,0,0,0
S323,0,0,0,1,0,0,0,0,0,1,0,0,1,0,1,1,0,0,0,0,0,0,1,1,0,0,0,0,0,0
S324,1,1,1,1,1,1,1,1,1,1,0,1,1,1,1,1,1,1,1,1,1,1,1,1,1,1,1,1,1,0
S325,0,1,0,0,0,0,1,0,0,0,0,0,1,0,0,0,0,0,0,0,0,0,0,0,0,0,0,0,0,0
S326,0,0,1,0,0,0,0,0,0,0,0,0,0,0,0,0,0,0,0,0,0,0,1,0,0,0,0,0,0,0
S327,1,1,1,1,1,1,1,0,0,1,0,1,1,1,1,1,1,1,0,0,0,0,1,1,0,1,1,1,1,0
S328,1,1,1,1,1,1,0,0,1,0,0,0,1,1,0,1,1,0,1,0,1,1,1,1,1,1,0,0,0,0
S329,1,1,1,1,1,1,1,1,0,0,0,0,0,1,1,0,1,1,0,1,1,0,1,1,1,1,0,0,0,0
S330,1,1,1,1,1,1,1,0,0,1,0,0,1,1,1,0,1,1,1,1,0,0,0,1,0,1,1,0,0,0
S331,1,0,1,1,1,0,0,0,0,1,0,0,1,1,1,0,1,1,0,1,0,0,0,0,0,1,0,0,0,0
S332,1,0,1,1,1,0,0,0,0,0,0,0,1,1,0,0,1,0,0,0,0,0,1,0,1,1,0,0,0,0
S333,1,1,0,1,1,0,0,0,0,0,0,0,1,1,1,1,1,0,0,0,0,0,1,1,1,1,0,0,0,0
S334,1,0,1,1,1,0,0,1,1,0,0,0,1,0,1,0,0,0,0,0,0,0,1,1,0,0,0,0,0,0
S335,1,1,1,1,1,0,0,1,1,0,0,0,1,1,1,1,1,1,0,0,1,0,1,1,1,0,1,1,0,0
S336,1,1,1,0,0,0,0,0,0,0,0,1,1,0,0,0,0,0,1,0,1,0,1,1,0,1,0,1,0,0
S337,0,0,0,1,0,1,0,1,0,0,0,0,1,0,0,0,1,0,0,0,0,0,1,0,0,0,0,0,0,0
S338,1,0,0,1,0,0,1,1,0,0,0,0,1,1,0,1,0,0,1,0,0,0,0,0,1,0,0,0,0,0
S339,1,0,1,1,1,0,0,0,1,0,0,0,1,1,0,0,1,1,0,0,0,0,1,1,1,1,0,1,0,0
S340,1,1,1,0,1,0,1,0,0,0,0,0,1,0,0,0,0,0,0,0,0,0,0,1,1,1,0,0,0,0
S341,1,0,0,1,1,0,0,0,0,0,0,0,0,1,1,0,0,0,0,0,0,0,0,0,0,0,0,0,0,0
S342,1,1,1,1,0,0,1,1,0,0,0,0,1,0,0,0,1,0,1,0,0,0,1,1,0,1,0,1,0,0
S343,0,1,1,1,0,1,0,1,0,0,0,0,1,1,1,1,1,1,1,0,0,0,1,1,1,1,0,0,1,0
S344,1,0,0,1,1,0,0,0,1,0,0,0,0,1,0,1,0,0,0,0,0,0,0,0,1,0,0,0,0,0
S345,1,1,0,1,0,0,0,0,0,0,0,0,0,0,1,1,1,1,0,0,0,0,1,0,0,0,0,1,0,0
S346,1,1,0,0,1,0,1,1,0,1,0,0,1,0,1,1,1,1,0,0,0,0,1,0,1,1,1,0,0,0
S347,0,0,0,0,0,0,0,0,0,0,0,0,0,0,0,1,0,0,0,0,0,0,0,1,0,0,0,0,0,0
S348,0,1,1,0,0,0,0,0,0,0,0,0,1,0,0,0,0,0,0,0,0,0,1,1,0,0,0,0,0,0
S349,1,1,1,0,0,1,0,1,0,0,0,0,0,0,1,0,0,0,0,0,0,0,0,1,0,1,0,0,0,0
S350,1,1,1,0,0,0,1,1,0,0,0,0,1,0,0,0,0,1,1,0,0,0,0,1,1,1,0,0,0,0
S351,1,1,0,1,1,1,0,1,1,0,0,0,1,0,1,1,1,1,1,1,0,0,0,1,1,1,0,0,0,0
S352,1,1,1,1,1,1,0,0,0,1,0,1,1,1,1,1,1,1,1,1,1,0,1,1,1,0,1,0,1,0
S353,1,1,1,1,1,1,1,0,0,0,1,0,1,1,1,0,1,1,1,0,0,0,1,1,1,0,0,1,1,0
S354,1,1,1,1,1,1,0,0,0,0,0,0,1,0,1,0,1,1,1,0,0,0,1,1,1,0,1,0,0,0
S355,1,0,1,0,0,1,0,0,0,0,0,0,1,1,0,0,1,0,1,0,0,0,1,1,1,0,0,1,0,0
S356,0,1,0,0,0,0,0,0,0,0,0,0,1,0,1,0,1,1,0,0,0,0,1,0,1,1,0,0,1,0
S357,0,1,1,0,1,1,1,0,0,0,0,0,0,1,0,1,1,0,0,0,0,0,1,1,1,1,0,1,0,0
S358,1,1,1,0,0,1,0,0,0,0,0,0,0,1,0,1,1,0,1,1,1,0,1,1,1,1,0,0,0,0
S359,1,1,1,1,1,1,0,1,0,0,0,0,1,1,1,0,1,1,0,0,1,0,1,1,1,0,0,0,0,0
S360,1,0,1,1,0,0,0,0,0,0,0,0,1,1,1,0,0,0,0,0,0,0,1,1,0,1,0,0,0,0
S361,1,1,1,0,1,1,0,0,0,1,0,0,1,0,0,1,1,0,0,0,0,0,1,1,1,0,0,0,0,0
S362,1,1,1,1,1,1,1,1,1,1,1,1,1,1,1,1,1,1,1,1,1,0,1,1,1,1,0,0,0,0
S363,1,0,1,1,1,0,0,0,0,0,0,0,0,1,1,0,1,0,0,0,0,0,1,1,1,1,0,0,0,0
S364,1,1,0,0,1,0,1,1,0,0,0,0,1,1,1,1,1,1,1,0,0,0,1,1,0,1,0,1,0,0
S365,1,1,1,1,1,1,0,0,1,0,0,1,1,1,1,1,0,0,1,0,0,0,1,1,1,1,0,0,0,0
S366,1,0,1,0,0,0,0,0,0,0,0,0,1,1,1,0,0,0,0,0,0,0,1,1,0,0,0,0,0,0
S367,1,1,1,1,1,1,1,0,0,0,0,0,1,1,1,0,1,1,0,0,0,0,1,1,1,0,0,0,0,0
S368,1,1,0,0,1,1,1,0,0,0,0,0,1,1,1,1,1,1,0,0,0,0,1,1,1,1,1,0,0,0
S369,1,1,1,0,1,1,0,0,0,0,0,0,1,0,0,1,1,1,0,1,0,0,1,1,1,0,0,1,0,0
S370,0,0,0,1,0,0,0,0,0,0,0,0,1,1,0,1,0,1,0,1,0,0,1,0,0,0,0,0,0,0
S371,1,1,1,1,1,1,1,0,0,0,1,0,1,1,0,1,1,0,0,1,0,0,1,1,0,0,1,0,0,0
S372,1,1,1,1,0,1,0,0,1,1,1,0,1,1,1,0,0,1,0,1,0,0,1,1,0,0,1,1,1,0
S373,1,1,1,0,1,1,1,1,1,1,1,0,1,1,0,1,1,1,1,0,0,1,0,1,0,1,1,1,0,1
S374,0,1,1,1,1,0,1,1,1,1,1,0,1,1,1,1,1,0,0,0,0,1,1,1,1,1,1,0,0,0
S375,1,1,1,1,1,1,0,1,1,1,1,0,1,1,1,1,1,1,1,1,1,1,1,1,1,1,1,1,1,0
S376,0,0,1,1,1,0,0,0,0,0,0,0,1,0,0,0,0,0,0,0,0,0,1,0,0,0,0,0,0,0
S377,1,1,1,1,1,1,1,1,1,0,0,0,1,1,1,1,1,0,1,0,1,0,1,0,1,1,0,0,0,0
S378,1,1,0,1,1,1,0,1,1,0,1,0,1,1,1,1,1,1,0,0,0,0,1,1,1,1,0,0,0,0
S379,1,1,1,1,1,1,1,0,1,1,1,1,1,1,1,1,1,1,1,0,1,1,1,1,1,1,0,1,0,1
S380,0,1,0,0,1,0,0,0,0,0,0,0,1,0,0,1,0,0,1,0,0,0,1,1,0,0,0,0,0,0
S381,0,0,1,0,1,0,0,0,0,0,0,0,1,1,0,0,0,0,0,0,0,0,0,1,0,1,0,0,0,0
S382,1,1,0,1,0,0,0,0,0,0,0,0,1,0,0,1,0,0,0,0,0,0,1,0,1,0,0,0,0,0
S383,1,0,0,0,1,0,0,0,0,0,0,0,0,0,0,0,0,0,0,0,0,0,1,0,0,0,0,0,0,0
S384,1,1,0,0,0,1,0,0,0,0,0,0,1,1,0,0,0,0,0,0,0,0,1,0,0,1,1,0,0,0
S385,1,1,0,0,0,0,0,0,0,0,0,0,0,1,1,1,0,0,0,0,0,0,1,0,1,0,0,0,0,0
S386,1,1,1,0,1,1,1,1,0,1,1,0,0,1,1,0,0,1,0,0,0,0,1,1,0,0,0,0,0,0
S387,1,1,0,1,1,1,1,1,0,0,0,0,1,1,1,1,1,0,0,0,0,0,1,1,1,1,1,0,1,0
S388,1,0,1,1,1,1,1,1,1,1,0,0,1,1,1,1,1,1,0,1,1,1,1,1,1,1,1,1,0,1
S389,1,1,1,1,1,1,1,1,0,0,0,0,1,1,1,1,1,1,0,0,0,0,0,1,1,1,1,1,1,0
S390,0,1,0,1,0,1,0,0,0,0,1,0,1,1,1,0,1,0,0,1,0,0,1,0,1,0,0,0,0,0
S391,1,1,0,0,0,0,0,0,0,0,0,0,1,0,1,0,0,0,0,0,0,0,1,0,0,0,0,0,0,0
S392,1,1,0,1,0,0,1,0,1,1,0,0,0,1,1,0,1,0,0,1,0,0,1,1,1,1,1,1,0,0
S393,0,1,1,0,0,0,0,0,0,0,0,0,1,0,1,0,0,0,0,0,0,0,1,1,0,0,0,0,0,0
S394,1,1,1,1,1,1,1,1,1,1,1,0,1,1,1,1,1,1,1,1,1,1,1,1,1,1,1,1,1,1
S395,1,1,1,1,1,1,1,1,0,0,0,1,1,0,1,1,1,1,0,0,1,1,1,1,1,1,1,1,0,0
S396,1,1,1,1,0,0,0,0,0,0,0,0,0,1,1,0,1,0,0,0,0,0,0,0,1,0,0,0,0,0
S397,1,1,0,0,0,0,0,0,0,0,0,0,1,0,0,0,0,0,0,0,0,0,1,0,0,0,0,0,0,0
S398,1,0,1,1,1,1,0,1,1,0,0,0,1,1,0,1,1,1,1,1,0,0,1,1,1,1,1,0,1,0
S399,0,1,1,1,0,0,0,0,0,0,0,0,1,1,1,1,1,0,1,0,0,0,1,1,0,0,0,0,0,0
S400,1,1,0,1,1,1,1,0,1,0,0,1,1,1,1,1,1,1,1,0,0,1,1,1,1,1,1,1,0,0
S401,1,0,0,0,0,0,0,0,0,0,0,0,1,1,0,1,0,0,0,0,0,0,1,0,0,0,0,0,0,0
S402,0,1,0,1,0,0,1,0,0,0,0,0,1,0,0,1,0,0,0,0,0,0,1,1,0,0,0,0,0,0
S403,1,1,0,0,1,1,0,1,0,0,0,0,1,1,0,1,1,1,0,0,0,0,1,1,0,0,1,0,1,1
S404,1,1,1,1,0,0,1,1,0,0,0,0,1,1,0,0,1,0,0,1,0,0,1,1,1,1,0,0,0,0
S405,1,0,0,0,1,0,0,0,0,0,0,1,0,1,0,0,0,1,0,0,0,0,0,1,0,0,0,0,0,0
S406,1,1,1,1,1,1,1,0,1,0,0,0,1,1,1,0,1,0,0,1,0,0,1,1,1,0,1,1,0,0
S407,1,0,0,0,0,0,0,0,0,0,0,0,1,0,1,0,0,0,0,0,0,0,1,0,0,0,0,0,0,0
S408,1,1,1,0,1,0,0,0,0,0,0,0,1,1,1,0,1,1,0,0,1,0,1,1,1,0,0,1,0,0
S409,1,1,0,1,1,1,0,1,1,0,0,0,0,1,1,0,0,1,0,0,1,0,0,1,0,0,0,1,0,0
S410,1,1,1,0,1,1,1,1,0,0,0,0,1,1,1,1,1,1,1,1,0,1,1,0,1,1,1,0,1,0
S411,1,1,1,1,1,1,1,1,1,0,1,0,1,0,1,1,0,0,1,0,0,0,1,1,1,1,1,0,1,0
S412,1,0,0,0,0,0,0,0,0,0,0,0,1,0,1,0,0,0,0,0,0,0,1,0,0,0,1,0,0,0
S413,0,0,0,0,0,0,0,0,0,0,0,0,0,0,0,0,0,0,0,0,0,0,0,1,0,0,0,0,0,0
S414,1,1,1,1,1,1,1,0,1,0,1,0,1,1,1,1,1,1,1,1,1,1,1,1,1,0,1,1,1,0
S415,1,1,1,1,1,1,0,1,0,0,0,0,1,1,1,1,1,1,1,0,1,0,1,1,1,1,1,0,0,0
S416,1,0,0,1,0,0,0,0,0,0,0,0,1,1,0,0,0,0,0,0,0,0,1,0,0,1,0,0,0,0
S417,1,1,1,1,1,1,0,1,1,0,0,1,1,1,1,1,1,1,0,1,1,1,1,1,0,1,1,1,1,1
S418,1,0,1,1,1,1,0,0,0,0,0,0,1,1,1,1,1,1,0,1,0,0,1,1,0,1,1,0,0,0
S419,1,1,1,1,1,1,0,1,0,1,1,0,1,1,1,1,1,1,1,1,0,0,1,1,1,1,1,0,1,0
S420,1,1,1,1,0,1,1,0,1,0,0,0,1,1,1,0,1,1,0,0,0,0,0,1,1,1,0,0,0,0
S421,1,1,1,1,1,1,1,1,1,1,1,0,1,1,1,1,1,1,1,1,1,1,0,1,1,1,1,1,0,0
S422,1,1,1,1,1,1,1,1,0,1,1,0,1,1,1,1,1,0,0,1,1,1,1,1,1,1,1,0,0,0
S423,1,1,1,1,1,0,0,0,0,0,0,0,1,1,1,0,0,0,0,0,0,0,1,0,1,0,0,0,0,1
S424,1,1,1,1,1,1,0,1,0,0,0,0,1,1,1,1,1,0,1,0,0,0,1,1,0,0,1,0,0,0
S425,1,0,1,1,1,1,0,1,1,0,0,0,1,1,1,1,1,0,1,0,0,0,1,1,1,1,1,1,0,1
S426,1,1,1,1,0,1,1,1,1,1,0,1,1,1,0,1,1,1,1,0,1,0,1,1,1,1,1,1,0,1
S427,1,0,1,1,0,0,0,0,0,0,0,0,1,1,1,1,0,0,0,0,1,0,0,1,1,0,0,0,0,0
S428,1,1,1,0,1,0,1,0,0,0,0,0,1,1,1,1,1,1,1,1,1,0,1,1,1,1,1,0,1,0
S429,1,1,1,1,1,1,1,1,1,1,0,1,1,1,1,1,1,1,1,1,1,0,1,1,1,1,1,1,1,0
S430,0,1,0,0,0,0,0,0,0,0,0,0,1,0,0,0,0,0,0,0,0,0,0,0,1,1,0,0,0,0
S431,1,0,0,0,0,0,1,1,0,0,0,0,0,0,1,0,1,0,0,0,0,0,0,0,0,0,0,0,0,0
S432,0,0,0,0,0,0,0,0,0,0,0,0,0,0,0,0,0,0,0,0,0,0,0,0,0,0,0,0,0,0
S433,1,1,1,0,1,1,0,1,1,0,0,0,0,1,1,1,0,1,0,0,0,0,1,1,0,0,0,0,0,0
S434,1,1,1,1,0,1,1,0,0,0,0,0,1,1,1,1,0,1,0,1,0,1,1,1,1,0,0,1,0,0
S435,1,1,1,1,1,0,1,0,1,1,1,0,1,1,1,1,1,1,1,0,0,1,1,1,1,1,1,1,1,1
S436,1,1,1,1,0,1,0,1,0,1,0,1,1,1,0,0,0,0,0,0,0,0,1,1,0,0,1,0,0,0
S437,1,1,1,1,1,1,1,1,1,1,1,1,1,1,1,1,1,0,0,1,1,0,1,1,1,1,1,1,1,0
S438,1,0,0,0,0,0,0,0,0,0,0,0,1,1,0,0,0,0,0,0,0,0,1,0,0,0,0,0,0,0
S439,0,0,0,0,0,0,0,0,0,0,0,0,0,1,0,0,0,0,0,0,0,0,0,0,0,0,0,0,0,0
S440,1,1,1,1,1,1,0,1,0,0,0,0,1,0,0,1,1,0,1,1,0,0,1,1,1,0,0,1,0,0
S441,1,1,1,0,1,1,1,0,1,0,0,0,1,1,1,1,0,1,1,0,0,0,1,0,1,0,1,0,1,0
S442,1,0,0,0,0,0,0,0,0,1,0,0,1,1,1,0,0,1,0,0,0,0,0,1,1,0,1,0,1,0
S443,0,1,0,0,0,0,0,0,0,0,0,0,1,0,0,0,0,0,0,0,0,0,1,0,0,0,0,0,0,0
S444,0,1,1,0,0,0,1,0,0,0,0,0,0,1,0,1,1,1,0,0,0,0,1,0,1,0,0,1,0,0
S445,1,1,0,0,1,0,0,0,0,0,0,0,1,0,0,1,1,0,0,0,0,0,0,0,0,0,1,0,0,1
S446,1,1,0,0,0,1,0,0,0,1,0,0,1,0,1,1,1,0,1,0,0,0,1,1,1,1,0,1,0,0
S447,1,1,1,0,0,0,1,1,0,1,0,1,0,1,1,1,1,1,0,0,0,0,1,1,1,0,0,1,1,0
S448,0,0,0,0,1,0,0,0,0,0,0,0,1,1,0,1,0,0,0,0,0,0,1,1,1,1,0,0,0,0
S449,1,1,1,1,0,1,0,0,0,0,0,0,1,1,0,0,0,1,0,0,0,0,1,1,1,0,1,0,0,0
S450,1,1,0,0,1,0,0,0,0,0,0,0,1,0,0,0,0,0,0,0,0,0,1,0,0,0,0,0,0,0
S451,1,1,1,1,1,1,1,1,1,0,0,0,1,1,0,0,0,1,0,0,0,0,1,1,1,1,0,0,0,0
S452,1,1,1,1,1,1,0,1,0,1,0,0,1,1,0,1,1,1,1,1,0,0,1,1,1,1,1,1,0,1
S453,1,0,0,0,0,1,0,0,0,0,0,0,0,1,1,0,0,0,0,0,0,0,0,0,1,0,0,0,0,0
S454,1,1,1,1,1,1,1,0,0,0,0,0,1,1,0,1,1,0,1,0,0,0,0,1,0,1,0,1,1,0
S455,0,1,1,0,0,0,1,0,0,0,0,0,1,1,1,0,0,0,1,0,0,0,0,0,0,0,1,0,0,0
S456,1,0,0,0,0,0,1,0,0,0,0,0,1,0,1,0,0,0,0,0,0,0,1,1,1,0,0,0,0,0
S457,1,1,1,1,0,0,0,0,0,0,0,0,0,1,0,0,0,1,1,0,0,0,1,1,1,0,0,1,0,0
S458,1,0,0,1,1,0,0,0,0,0,0,0,1,0,1,0,0,0,0,0,0,0,0,1,0,0,0,0,0,0
S459,1,1,1,0,1,1,0,0,0,1,0,0,1,1,1,0,0,1,0,1,0,0,1,1,1,1,0,0,0,1
S460,0,0,0,0,0,0,0,0,0,0,0,0,0,1,0,1,0,0,0,0,0,0,0,1,0,0,0,0,0,0
S461,1,1,1,1,1,1,1,1,1,1,1,0,1,1,1,1,1,1,1,1,1,1,1,1,1,1,1,1,1,1
S462,1,1,1,1,0,1,1,0,1,0,0,0,0,1,1,1,1,0,0,0,0,0,1,1,1,0,1,0,0,0
S463,1,1,0,0,0,0,0,0,0,0,0,0,0,0,0,0,0,0,0,0,0,0,1,1,1,0,0,0,0,0
S464,1,0,1,0,1,0,1,0,1,0,1,0,1,1,0,1,1,0,0,0,0,0,1,1,0,1,1,0,0,0
S465,1,0,1,1,0,0,1,0,0,0,0,0,1,1,0,1,1,0,1,1,0,0,1,1,0,0,1,1,0,0
S466,1,1,1,1,1,1,0,0,0,0,0,0,1,1,1,1,1,0,0,0,1,0,1,1,1,1,0,0,0,0
S467,1,1,0,1,1,0,1,1,0,0,1,0,1,1,0,1,1,1,0,0,0,0,1,1,1,0,1,1,1,0
S468,0,1,1,0,1,1,1,0,0,1,0,0,1,1,1,1,1,1,0,1,0,1,1,1,1,1,1,0,0,0
S469,1,1,1,0,1,1,0,0,0,0,0,0,1,1,1,1,0,0,0,0,0,0,1,1,1,0,0,0,0,0
S470,0,1,1,0,0,0,0,0,0,0,0,0,1,0,1,1,1,0,0,0,0,0,1,1,0,0,0,0,0,0
S471,1,1,1,1,1,0,0,0,1,0,0,0,0,1,1,1,0,1,1,0,0,0,1,1,0,0,0,0,0,0
S472,0,0,0,0,0,0,0,0,0,0,0,0,1,0,0,0,0,0,0,0,0,0,0,0,0,0,0,0,0,0
S473,0,1,0,1,0,0,0,0,0,0,0,0,0,1,1,0,0,0,0,0,0,0,1,0,0,0,0,0,0,0
S474,1,1,1,1,1,1,0,1,0,1,1,0,1,1,1,1,1,1,1,0,1,0,1,1,1,1,1,0,0,0
S475,1,1,1,1,1,1,1,1,1,0,1,0,1,1,1,1,1,1,1,1,1,1,1,1,1,1,1,0,1,1
S476,1,1,1,1,1,0,1,0,0,0,0,0,0,0,0,0,0,0,0,0,0,1,1,1,1,0,0,1,0,0
S477,1,1,0,0,0,0,0,0,0,0,1,0,1,1,0,0,1,0,1,0,0,0,1,1,1,1,1,1,1,0
S478,1,1,1,1,1,1,0,0,1,0,1,0,1,1,0,0,1,1,0,0,0,0,0,0,1,1,1,0,0,0
S479,1,1,1,1,1,1,1,1,1,1,1,1,1,1,1,1,1,1,1,0,1,1,1,1,1,1,1,1,1,1
S480,1,1,1,1,1,1,1,1,0,0,0,0,1,1,1,1,0,0,1,1,0,0,1,1,1,1,1,1,1,1
S481,1,1,1,1,0,0,1,0,0,0,0,0,0,0,0,0,1,1,0,0,0,0,0,1,0,1,0,0,1,0
S482,1,1,0,1,0,0,0,1,0,0,0,0,0,0,1,0,0,0,0,0,0,0,1,1,0,0,0,1,0,0
S483,0,0,0,1,0,0,0,0,0,0,0,0,1,0,0,0,0,0,0,0,0,0,0,0,1,0,0,0,0,0
S484,1,1,1,0,1,0,0,0,0,0,0,0,1,1,1,0,0,0,0,0,0,0,1,1,1,0,0,0,0,0
S485,0,0,0,1,0,0,0,0,0,0,0,0,1,1,0,0,0,1,0,0,0,0,0,1,0,0,0,0,0,0
S486,0,0,1,0,0,0,0,0,1,0,0,0,1,1,0,0,0,0,0,0,0,0,0,1,0,0,0,0,0,0
S487,1,1,1,0,0,0,0,1,0,0,0,0,1,0,1,0,1,0,0,0,0,0,0,1,1,0,0,0,0,0
S488,0,1,0,1,0,0,0,0,0,0,0,0,1,1,0,0,1,0,0,0,0,0,0,0,1,0,0,0,0,0
S489,1,1,1,1,1,1,1,1,0,0,1,1,1,1,1,1,1,1,1,1,0,1,1,1,1,1,1,0,0,0
S490,1,0,1,1,1,1,1,1,0,1,0,0,1,1,1,1,1,1,1,1,1,0,1,1,1,1,0,1,0,0
S491,1,1,1,0,0,1,1,0,1,0,0,1,1,0,1,0,0,0,0,0,0,0,1,1,0,0,1,0,0,0
S492,1,1,1,1,1,1,1,1,1,0,0,1,1,1,1,1,1,0,1,0,1,0,1,1,1,1,0,1,1,0
S493,1,1,0,1,0,1,1,0,0,0,0,0,1,1,1,1,1,1,0,0,0,0,1,1,1,1,0,0,0,0
S494,1,1,1,0,0,0,0,1,0,0,0,0,0,1,1,0,0,0,0,0,0,0,0,1,1,1,0,1,0,0
S495,1,1,1,1,1,0,1,0,1,1,0,0,1,1,1,1,1,1,0,0,0,1,1,1,1,1,0,1,1,0
S496,1,1,1,0,1,1,1,1,0,0,0,0,1,1,1,1,1,1,0,0,1,0,1,0,0,1,0,0,0,0
S497,1,1,1,0,0,1,0,0,1,0,0,0,1,0,0,1,1,0,0,0,0,0,0,1,0,1,0,0,0,0
S498,1,1,1,1,1,0,0,0,0,0,0,0,0,1,1,1,1,0,1,0,0,0,1,1,0,0,0,0,0,0
S499,1,1,0,1,0,1,1,1,0,0,0,0,0,1,0,1,0,0,0,0,0,0,0,1,0,0,0,0,0,0
S500,0,1,1,1,0,1,0,0,0,0,0,0,0,0,1,0,0,1,0,1,0,0,1,1,0,0,0,0,0,0
