student_id,O1,O2,O3,O4,O5,O6,C_1,C_2,C_3,C_4,C_5,C_6,E1,E2,E3,E4,E5,E6,A_1,A_2,A_3,A_4,N1,N2,N3,N4
S001,5,5,4,2,1,4,5,5,4,2,3,5,5,5,4,5,5,5,2,2,3,1,5,3,4,3
S002,5,5,5,4,4,5,5,5,4,1,4,1,5,2,3,5,2,2,3,2,3,2,2,4,2,4
S003,2,3,1,4,1,1,3,3,5,3,2,2,4,3,2,5,3,4,3,4,2,1,3,4,2,2
S004,5,4,4,2,2,4,2,2,2,4,2,1,5,2,3,5,4,4,3,4,4,2,1,2,4,2
S005,5,2,3,4,3,1,1,5,4,1,3,1,4,4,5,4,1,4,1,1,5,1,2,2,4,1
S006,3,2,1,5,2,1,4,1,3,4,2,3,3,5,1,1,2,3,3,1,2,3,5,5,5,1
S007,1,5,3,4,2,4,3,5,3,2,3,4,4,4,4,3,1,4,3,4,1,3,1,5,1,5
S008,4,3,2,3,3,2,4,5,5,2,2,2,5,5,5,2,4,4,1,3,2,1,2,4,2,4
S009,4,5,2,4,2,2,1,4,4,4,3,4,2,5,4,5,3,3,4,1,2,3,4,2,4,2
S010,5,3,5,5,2,3,2,3,1,3,2,2,5,4,5,1,3,1,5,5,4,4,5,3,3,3
S011,3,3,5,4,1,5,5,3,3,4,4,3,2,3,1,1,2,1,4,2,5,1,1,2,4,3
S012,2,3,2,1,2,2,1,4,3,4,3,2,3,5,2,4,1,1,4,2,3,1,1,4,3,2
S013,4,3,3,4,1,2,5,5,5,2,4,4,5,3,3,3,3,1,3,3,3,2,2,1,1,5
S014,1,5,2,5,2,2,4,2,3,2,4,1,4,1,1,1,1,1,4,2,3,1,2,3,5,3
S015,3,1,3,3,2,1,4,5,5,1,4,4,4,2,4,3,3,4,4,5,3,3,4,2,3,3
S016,3,5,5,2,3,2,5,3,2,3,2,1,3,3,2,4,1,3,1,3,3,2,2,3,2,3
S017,3,5,3,4,3,3,5,3,2,4,2,1,5,3,5,1,3,3,4,2,4,1,3,3,3,1
S018,1,5,3,1,1,1,5,2,4,4,3,2,4,4,4,1,4,4,2,2,5,1,5,3,5,1
S019,5,4,3,3,4,1,1,3,2,3,2,2,2,1,1,5,1,1,5,5,3,3,1,4,4,1
S020,4,5,3,2,1,2,5,5,4,3,4,2,4,4,5,1,4,3,3,5,3,2,2,5,4,1
S021,2,2,3,5,2,1,4,3,4,4,4,1,5,5,5,3,5,5,2,3,4,1,3,4,4,2
S022,5,1,4,1,3,5,1,3,3,3,3,1,4,4,1,3,1,2,5,2,3,5,1,2,1,4
S023,4,2,2,5,2,2,3,4,2,5,1,3,4,3,3,2,3,3,5,5,2,4,5,3,3,4
S024,5,5,4,3,3,3,5,5,5,2,5,5,2,3,2,4,1,1,4,2,4,1,3,5,4,2
S025,4,1,2,5,4,4,5,5,5,1,5,4,3,1,2,4,1,2,2,2,5,1,1,5,3,3
S026,4,2,1,4,1,2,5,4,5,2,3,1,3,3,5,2,2,4,3,2,1,3,3,5,1,1
S027,4,1,3,5,1,1,5,1,2,3,3,3,5,3,4,2,5,3,4,5,3,5,1,2,3,3
S028,5,3,4,3,5,4,3,5,4,3,5,1,5,5,4,3,3,5,4,3,3,4,2,3,2,2
S029,5,2,4,4,4,2,4,5,4,3,3,2,1,1,2,4,3,1,2,5,2,3,1,5,1,5
S030,3,4,1,4,2,1,2,1,2,4,1,1,3,3,2,5,4,1,2,4,4,1,1,2,4,2
S031,4,4,4,2,5,2,3,3,2,3,2,3,5,3,5,4,2,4,4,4,4,3,3,3,1,3
S032,4,4,4,5,1,1,5,3,2,5,1,1,3,4,1,5,1,2,5,1,4,1,3,2,5,1
S033,4,4,2,2,2,2,5,5,2,1,2,3,5,4,3,3,4,2,5,2,2,3,2,4,2,4
S034,5,5,1,5,1,1,5,5,4,1,3,3,2,3,1,2,2,1,5,4,5,2,4,2,5,1
S035,1,3,2,3,1,2,4,5,1,4,2,1,4,4,3,2,1,2,2,4,3,2,4,1,3,1
S036,4,4,3,5,2,1,5,4,4,1,5,4,3,3,1,5,1,1,5,5,1,5,3,4,2,2
S037,5,3,1,4,2,1,2,4,2,4,2,1,5,4,4,2,4,3,5,3,3,4,1,4,3,5
S038,3,3,4,1,2,2,2,4,1,5,1,1,5,5,2,2,3,3,2,3,5,2,1,4,3,3
S039,5,5,5,1,1,2,4,3,5,5,4,3,2,2,3,5,1,1,5,1,4,2,3,2,4,3
S040,5,3,3,4,3,2,5,4,5,2,2,3,1,2,1,4,1,1,4,2,5,2,2,5,5,1
S041,5,5,5,3,3,3,5,5,5,1,5,5,5,3,5,2,4,2,3,2,5,1,3,3,3,1
S042,3,3,3,5,5,1,3,4,4,3,3,1,5,5,3,2,2,5,4,5,3,1,4,4,5,2
S043,5,3,4,1,5,2,5,4,5,1,3,4,1,4,5,2,5,4,2,3,3,1,5,3,2,1
S044,5,5,2,2,5,4,5,1,2,5,2,2,3,2,3,5,1,2,5,3,3,1,3,2,4,2
S045,3,1,1,5,1,1,4,2,4,4,2,4,5,3,3,5,3,1,1,2,2,1,1,5,1,4
S046,4,3,1,5,1,5,5,4,3,3,4,2,1,3,1,1,4,2,3,5,2,4,4,4,4,2
S047,5,5,1,1,3,4,2,3,3,3,4,3,1,2,4,2,1,1,5,1,4,3,5,2,5,1
S048,4,5,2,3,2,2,3,3,2,5,1,1,4,3,3,5,1,3,5,3,3,3,4,3,4,3
S049,5,1,3,3,2,2,3,3,5,2,4,3,5,5,3,2,3,2,4,5,3,3,2,3,2,4
S050,1,1,2,4,2,2,2,5,2,2,3,2,5,5,4,2,3,4,4,4,4,3,1,5,5,5
S051,3,2,1,4,1,4,4,5,2,4,2,2,4,4,3,4,2,3,5,4,3,2,5,3,3,2
S052,4,3,3,3,5,1,4,5,4,4,5,1,4,5,4,3,3,3,4,1,4,2,5,2,5,1
S053,5,5,4,1,5,3,5,5,3,4,2,2,3,3,2,2,1,1,5,4,5,2,1,5,1,5
S054,5,5,4,2,2,1,5,2,4,2,5,5,2,1,2,5,1,2,5,2,3,4,4,5,3,4
S055,3,5,1,3,3,3,2,3,3,5,3,2,5,2,3,5,3,2,4,1,4,1,4,2,4,1
S056,5,5,4,2,2,2,4,1,2,5,4,1,3,4,3,5,3,1,4,1,4,1,4,2,4,2
S057,3,2,5,4,3,1,4,5,2,2,2,2,5,4,5,3,3,1,4,2,4,2,4,2,5,1
S058,3,1,3,4,3,3,3,4,5,1,3,3,4,2,3,4,2,2,3,5,3,4,3,2,3,2
S059,4,2,4,1,2,3,5,4,3,2,1,4,4,5,4,2,5,3,3,4,4,2,2,4,4,4
S060,4,4,4,4,2,1,4,4,2,5,3,2,4,4,1,3,2,1,5,4,5,3,3,3,3,3
S061,2,5,2,3,3,2,5,5,3,3,4,4,4,3,4,2,2,1,5,5,3,1,4,1,5,1
S062,5,5,5,1,5,4,3,2,1,4,1,1,4,4,1,4,1,1,4,2,4,4,3,2,5,3
S063,5,4,5,4,2,3,5,5,3,1,4,4,1,2,1,5,1,2,4,1,3,1,1,2,5,1
S064,2,3,3,3,1,1,5,2,1,5,1,1,4,5,3,1,4,4,1,3,3,1,1,2,4,5
S065,4,5,4,1,5,4,4,3,3,4,1,1,5,5,3,1,4,3,3,4,3,1,5,1,4,4
S066,5,1,3,4,3,3,1,1,2,5,1,2,5,3,4,4,1,4,3,3,2,2,2,4,4,2
S067,1,2,1,5,2,1,3,4,3,5,1,1,3,4,3,4,3,3,1,1,5,1,4,3,5,1
S068,3,2,2,5,2,1,4,5,3,2,3,3,5,5,5,2,4,3,5,3,1,3,3,5,4,2
S069,1,1,2,5,1,1,4,1,2,5,2,3,3,2,1,5,1,1,3,4,1,5,1,5,2,3
S070,3,4,1,4,2,3,5,5,4,1,4,2,5,4,2,4,1,2,5,4,2,3,4,3,4,3
S071,5,3,3,2,1,1,4,3,3,4,3,1,3,4,5,3,4,2,4,3,2,4,2,5,3,1
S072,4,5,4,2,4,2,3,5,4,2,3,3,2,3,3,5,2,1,5,4,3,1,3,2,4,1
S073,5,5,3,3,1,3,4,5,4,4,3,4,2,2,4,4,1,1,5,3,3,2,2,3,3,1
S074,5,3,2,3,2,2,1,3,2,4,1,1,2,5,1,5,1,1,4,3,3,2,1,4,4,2
S075,3,5,3,2,5,2,5,2,2,4,3,3,5,5,4,2,3,1,5,5,4,1,1,5,1,5
S076,5,2,1,4,1,1,5,2,3,3,3,1,2,5,3,2,3,2,4,5,3,2,2,3,5,1
S077,4,3,3,4,4,3,5,3,2,5,1,1,3,3,1,2,1,2,3,4,3,2,1,5,1,3
S078,3,5,2,1,3,5,2,5,5,5,2,2,1,4,4,4,4,3,5,5,2,5,5,3,1,4
S079,1,2,3,4,1,1,5,5,5,1,4,3,4,1,3,5,1,3,3,5,4,3,1,2,3,4
S080,5,1,5,3,4,4,5,4,4,2,4,4,2,4,3,3,1,2,4,2,3,2,1,4,1,5
S081,5,5,4,3,4,1,5,2,3,2,2,2,3,3,4,3,3,2,5,3,2,4,2,5,3,4
S082,3,3,2,4,2,2,4,5,4,2,3,2,5,4,2,3,1,3,5,5,2,5,1,5,3,1
S083,5,5,4,2,4,3,2,2,5,2,1,3,4,3,2,5,2,3,2,2,4,1,4,3,5,2
S084,5,5,5,2,3,4,5,4,5,3,5,5,2,3,4,4,3,1,1,1,5,1,2,4,2,5
S085,4,4,5,1,4,4,5,4,4,4,2,3,3,4,3,3,2,3,1,3,2,1,2,3,1,5
S086,5,4,4,3,2,1,5,3,2,1,2,4,1,4,3,4,3,3,2,1,5,2,3,4,3,2
S087,5,3,3,2,3,2,5,5,5,2,4,5,5,4,2,1,3,2,1,2,2,2,2,1,4,2
S088,1,2,3,5,1,1,3,1,4,4,2,4,4,4,2,5,1,1,4,2,4,4,3,5,4,4
S089,4,5,3,3,4,4,5,1,4,3,3,3,4,2,5,1,2,1,4,2,4,1,1,3,4,1
S090,3,4,1,5,2,1,1,3,2,4,2,2,5,3,2,2,4,4,5,1,1,3,2,5,2,1
S091,4,2,4,4,2,3,5,3,3,3,3,2,1,2,2,4,1,2,2,5,3,2,1,5,2,4
S092,4,3,1,2,4,3,5,2,2,2,2,1,1,3,1,5,1,1,4,3,3,4,2,3,4,4
S093,4,5,2,5,2,4,5,4,4,2,2,2,3,4,1,2,1,2,4,2,2,1,4,4,3,3
S094,5,4,4,3,2,1,5,3,2,4,2,1,5,4,5,3,2,3,1,1,4,1,1,5,2,3
S095,5,5,3,4,4,4,3,5,4,3,4,2,2,2,1,5,1,1,4,4,3,3,2,5,1,3
S096,4,4,3,4,1,1,1,1,2,4,3,2,3,2,3,4,2,3,3,5,3,1,5,1,5,1
S097,2,3,4,2,1,3,2,5,1,3,3,1,3,5,1,2,3,2,5,3,4,3,2,3,5,1
S098,3,2,2,4,2,2,1,2,1,5,3,2,3,5,4,1,4,4,4,1,4,1,1,5,2,5
S099,3,4,2,3,3,2,5,3,3,3,4,4,5,4,3,3,3,4,2,2,5,1,1,5,1,4
S100,4,4,2,3,2,3,3,2,4,3,4,1,4,3,2,4,1,2,5,4,2,3,2,3,4,1
S101,5,4,2,1,3,1,5,5,5,2,2,2,2,1,4,3,2,2,3,3,3,5,3,1,5,3
S102,3,3,1,3,2,1,1,1,2,5,1,1,4,5,1,2,4,3,5,2,5,4,2,2,1,3
S103,1,5,2,3,5,2,5,5,4,1,4,5,5,4,3,4,1,2,2,2,4,2,2,4,2,3
S104,5,4,4,2,5,5,4,2,4,4,1,4,4,2,1,3,2,3,4,4,2,3,4,1,4,1
S105,5,3,3,1,4,4,4,5,4,2,4,5,5,2,4,3,2,2,1,4,2,1,4,2,5,1
S106,5,5,5,1,5,5,2,3,3,3,2,4,2,4,3,3,1,1,5,3,1,5,3,2,3,3
S107,3,3,3,3,2,3,4,2,4,3,3,2,4,3,3,3,4,1,3,2,4,1,4,3,5,5
S108,2,2,3,5,1,1,4,3,1,4,2,1,5,5,4,1,5,3,5,5,3,3,5,1,4,1
S109,2,2,1,5,1,2,4,4,2,5,4,2,5,1,4,3,4,3,5,4,4,1,2,4,3,4
S110,5,3,3,1,5,3,5,4,4,2,5,3,2,3,2,5,3,1,4,2,5,2,2,4,1,3
S111,5,4,4,2,4,4,5,5,4,2,1,3,2,4,2,1,2,2,4,5,4,1,1,5,2,3
S112,4,3,3,3,1,3,2,4,3,1,2,2,1,2,2,5,1,1,4,4,2,3,3,4,4,1
S113,5,4,2,3,3,1,5,5,4,2,3,4,5,5,5,3,4,4,5,3,4,3,2,1,3,4
S114,3,2,3,5,2,1,4,3,4,2,2,2,4,2,4,5,3,1,4,2,4,1,3,2,5,2
S115,5,5,5,1,5,2,5,5,5,2,3,2,4,3,3,5,2,3,5,3,3,2,1,4,2,3
S116,5,5,2,1,3,5,5,4,5,1,3,3,5,5,5,1,4,5,4,2,5,3,3,5,3,4
S117,4,2,4,2,3,1,5,5,5,1,4,5,5,4,5,3,4,2,4,2,5,1,3,4,4,1
S118,5,5,5,3,2,3,4,3,4,3,3,1,3,4,2,3,2,4,1,3,4,1,3,4,1,1
S119,4,5,3,3,5,4,3,1,4,3,3,4,5,5,2,4,3,1,1,2,5,1,2,5,2,1
S120,2,4,3,2,3,2,5,5,5,4,1,4,5,5,5,3,3,3,4,3,3,4,1,4,1,4
S121,4,4,2,4,1,1,5,5,2,2,3,4,2,5,2,4,2,2,5,5,1,4,1,2,2,3
S122,2,2,4,3,3,3,3,3,4,1,5,4,5,1,1,4,1,1,4,4,2,3,1,4,2,5
S123,5,5,3,1,5,3,5,1,3,2,3,3,2,5,4,1,3,3,5,4,3,2,1,5,2,2
S124,5,5,5,2,5,4,2,1,2,3,1,1,3,1,1,4,1,1,2,4,3,3,2,5,1,3
S125,5,1,5,2,4,3,3,5,4,4,3,3,5,3,5,2,4,5,4,3,3,1,3,5,1,4
S126,3,3,2,5,1,1,5,3,2,4,1,2,5,2,4,1,3,4,4,4,3,3,1,3,4,1
S127,1,2,4,5,1,1,4,4,4,5,1,3,4,3,3,5,1,3,5,2,3,1,1,5,1,5
S128,4,4,5,5,2,2,2,2,2,5,3,1,4,5,5,2,4,2,4,5,4,1,1,2,2,2
S129,4,5,2,1,3,4,5,4,3,2,1,2,4,3,2,3,4,2,4,3,4,2,3,1,4,1
S130,5,3,5,2,4,5,5,4,2,3,2,2,5,2,4,4,1,3,3,3,3,5,1,4,4,2
S131,2,1,1,5,1,1,1,1,5,2,1,1,4,4,2,3,3,1,4,4,3,2,1,3,1,1
S132,5,5,5,1,5,3,5,3,5,5,4,3,3,2,2,5,1,2,5,5,5,4,1,1,5,1
S133,3,3,4,3,1,2,5,3,5,2,2,3,3,4,3,2,1,1,4,4,2,2,5,5,3,3
S134,5,4,2,3,1,1,3,5,5,2,2,1,5,4,4,2,4,3,5,5,3,5,2,5,3,2
S135,4,2,3,5,1,1,4,4,1,5,2,2,4,2,2,2,3,3,5,1,4,2,1,4,5,1
S136,4,1,2,4,1,1,3,5,5,3,3,3,5,2,3,4,3,3,1,3,4,1,1,5,1,3
S137,2,5,3,4,2,2,5,4,3,4,3,1,2,2,2,4,1,2,5,3,3,3,3,1,4,3
S138,4,5,2,5,3,1,4,4,2,4,1,1,2,4,2,2,4,4,4,5,3,3,2,4,3,3
S139,3,2,1,5,2,1,3,4,3,1,4,2,4,5,5,1,4,5,1,3,5,1,2,3,3,1
S140,1,2,2,5,2,1,5,4,4,1,5,1,2,2,2,5,1,1,3,3,5,1,2,5,3,3
S141,3,2,5,4,3,2,5,2,2,1,2,1,4,3,5,4,1,5,5,4,2,2,1,2,1,5
S142,5,4,5,1,5,4,5,5,5,1,2,2,5,5,5,1,5,4,3,4,3,3,1,3,2,3
S143,4,2,3,4,3,2,5,5,2,2,1,1,3,5,4,1,2,2,1,5,3,3,1,1,3,1
S144,5,2,2,4,1,1,1,3,4,3,3,3,5,3,5,1,2,2,5,3,3,2,5,5,3,1
S145,1,5,2,5,5,3,5,2,3,3,2,2,1,4,3,4,2,3,4,4,3,4,5,3,5,1
S146,5,3,2,5,1,1,4,4,2,4,3,1,5,5,5,4,1,2,4,5,2,5,5,2,5,3
S147,2,1,1,5,1,1,3,5,1,3,2,1,3,1,1,5,1,1,2,2,5,1,1,1,4,2
S148,4,3,3,1,2,2,3,3,3,5,2,1,5,5,4,1,2,2,1,3,3,1,4,2,5,1
S149,5,3,3,2,5,3,5,4,4,4,5,5,3,5,5,2,1,2,3,3,3,2,4,4,3,1
S150,3,5,5,1,5,4,5,2,2,2,2,1,5,5,5,2,5,4,2,1,4,1,2,5,3,5
S151,5,5,5,1,5,3,3,2,2,5,1,1,3,4,3,1,3,4,4,3,4,1,4,2,4,2
S152,5,4,4,2,4,4,4,3,1,3,1,1,4,4,3,4,2,3,4,4,1,3,1,5,2,3
S153,3,3,1,3,2,2,4,4,2,3,2,2,4,3,3,2,2,1,5,3,3,3,1,4,3,2
S154,5,2,5,4,4,1,1,2,2,5,1,1,3,1,2,3,3,3,3,5,5,3,1,4,3,5
S155,5,4,5,2,5,4,5,4,4,1,4,4,5,5,3,5,3,3,3,1,3,1,5,2,5,1
S156,5,1,4,3,4,3,5,5,3,1,3,3,5,5,3,4,3,2,2,1,5,3,1,4,2,3
S157,4,3,3,4,2,3,4,3,1,5,2,1,5,2,4,4,3,2,3,3,5,2,4,4,4,2
S158,5,2,3,3,2,3,5,5,5,1,5,5,5,5,5,2,3,5,2,2,5,2,1,5,1,3
S159,5,3,3,3,4,3,3,5,3,1,4,4,1,3,3,4,4,1,5,4,1,4,4,4,2,1
S160,2,4,2,5,1,2,3,4,5,4,1,2,5,3,5,5,4,2,4,4,2,1,4,3,2,2
S161,4,4,3,4,4,2,1,2,1,5,1,1,5,5,4,1,3,3,1,1,4,1,5,1,4,3
S162,2,3,4,5,2,2,5,5,5,2,4,4,5,3,2,4,2,3,1,1,1,1,3,2,5,2
S163,4,5,2,1,4,1,4,5,1,5,2,1,1,2,1,5,1,1,4,5,3,1,1,5,4,4
S164,2,2,1,5,2,3,5,1,1,5,1,1,4,4,4,5,1,1,4,4,2,3,5,3,3,2
S165,1,4,3,5,2,1,5,5,5,2,3,3,4,3,3,3,5,2,5,5,1,3,2,3,4,5
S166,3,3,2,2,3,2,5,5,5,1,3,3,3,4,4,1,4,3,2,5,2,2,2,1,5,3
S167,4,3,3,4,3,3,5,4,3,1,4,4,3,3,2,5,1,2,4,4,5,2,3,4,4,3
S168,5,5,5,3,4,4,5,5,3,4,2,3,3,4,4,4,2,1,5,1,2,1,5,4,5,1
S169,1,1,1,5,2,1,4,4,4,3,5,2,4,3,4,1,4,4,4,3,5,1,2,4,2,3
S170,4,5,5,4,4,2,5,5,5,2,3,4,2,4,5,2,2,5,5,4,2,4,1,3,3,4
S171,5,3,4,3,3,4,5,5,2,1,3,4,5,5,2,4,2,1,5,5,2,1,4,2,4,2
S172,3,1,2,5,2,2,5,4,4,3,3,1,1,3,2,2,3,2,5,4,2,2,1,2,4,4
S173,3,3,3,4,2,2,5,5,4,4,2,4,5,3,3,3,3,1,2,3,5,2,2,3,2,2
S174,5,1,4,3,2,2,5,3,5,2,3,2,1,4,5,5,2,2,5,2,5,3,3,4,3,1
S175,3,1,1,4,1,1,2,2,3,5,1,2,3,3,5,1,5,4,5,2,5,3,5,5,5,2
S176,4,1,1,4,3,1,3,3,2,5,5,3,4,5,4,2,4,1,5,5,1,5,4,1,4,1
S177,2,2,1,5,1,1,5,2,2,5,1,1,5,4,5,2,3,4,2,2,5,1,3,2,4,3
S178,1,5,5,2,4,3,2,2,4,2,3,2,5,1,5,1,5,5,5,2,1,3,3,2,4,3
S179,5,4,5,1,5,3,2,3,3,5,1,3,5,4,4,1,1,2,5,3,1,4,3,4,2,3
S180,5,3,4,4,5,3,3,2,3,4,1,1,3,1,2,3,2,1,3,5,5,1,3,1,1,4
S181,3,5,5,1,2,1,4,5,5,3,3,2,5,2,2,4,1,2,5,2,4,2,1,5,3,4
S182,2,5,1,4,2,2,5,2,3,1,4,3,4,4,5,4,3,3,3,2,5,2,2,4,5,3
S183,4,2,2,3,3,3,4,5,2,3,3,4,3,2,4,4,1,2,2,4,3,1,4,3,4,2
S184,5,3,5,3,1,4,4,2,2,5,1,2,5,5,4,4,4,3,5,4,1,2,1,4,4,2
S185,4,5,2,5,2,1,5,5,1,4,1,1,4,2,1,2,2,1,2,1,1,1,1,4,4,3
S186,3,3,5,2,3,1,5,5,2,3,4,4,5,5,3,2,1,4,5,5,2,5,4,4,3,2
S187,4,3,2,3,3,3,3,4,2,4,1,1,5,3,5,4,3,2,2,2,5,1,2,1,3,5
S188,2,2,5,4,2,1,4,5,4,3,2,4,5,4,1,2,4,3,5,3,4,2,5,1,3,1
S189,4,5,4,1,4,3,5,5,2,2,2,3,4,4,4,3,3,3,3,5,3,3,2,3,3,2
S190,1,5,4,4,1,3,3,2,3,3,1,1,3,2,2,4,1,3,5,3,1,4,1,5,1,3
S191,5,4,1,5,3,2,4,5,1,1,2,1,5,5,3,4,4,2,1,2,5,1,5,2,3,1
S192,5,4,4,2,2,5,2,3,1,5,3,1,2,3,4,3,3,1,4,2,4,2,4,3,2,1
S193,4,2,3,4,1,2,2,3,2,1,1,1,2,2,2,1,3,2,5,5,1,3,3,4,2,1
S194,2,3,5,1,2,3,4,5,2,4,4,3,2,2,1,4,1,2,1,3,4,1,1,3,3,3
S195,4,5,2,3,4,2,3,3,3,4,1,1,5,4,5,3,3,2,5,3,4,2,1,4,2,3
S196,3,5,2,5,2,4,5,5,5,3,3,5,5,5,5,3,5,4,2,3,3,1,4,5,2,3
S197,4,4,3,3,3,2,5,5,4,2,2,2,3,4,3,3,1,4,1,3,4,3,1,4,2,3
S198,4,3,1,5,1,2,4,3,3,3,3,3,5,3,3,2,1,3,2,2,1,1,4,1,3,1
S199,5,3,5,2,4,3,5,3,3,2,3,1,3,4,2,3,4,5,4,3,5,3,1,5,3,2
S200,3,3,2,3,2,1,1,3,3,1,4,5,2,3,2,2,1,1,3,4,5,2,1,5,4,5
S201,1,3,2,5,3,3,4,3,2,2,1,3,5,5,3,3,4,4,5,4,2,4,1,1,2,2
S202,3,4,5,2,2,1,5,5,3,3,4,3,5,3,3,3,2,2,4,5,5,3,2,5,2,1
S203,4,2,2,4,1,3,5,3,4,5,5,4,5,4,3,1,3,1,4,3,3,3,1,5,1,5
S204,2,1,2,4,1,1,4,4,2,4,3,1,3,4,5,4,2,3,2,1,4,1,1,3,4,4
S205,3,3,4,4,3,2,5,4,2,1,3,1,3,5,1,3,4,3,3,1,4,1,1,2,3,2
S206,5,5,2,4,2,3,5,5,5,3,2,3,3,1,3,4,3,1,5,3,2,4,1,4,3,3
S207,1,5,2,5,1,1,4,2,2,4,1,3,4,2,1,3,5,3,5,3,2,5,1,4,2,4
S208,4,5,4,2,3,4,4,2,4,4,1,2,3,5,3,1,5,5,3,5,5,3,3,4,5,2
S209,3,2,1,5,1,1,5,2,5,5,1,1,5,3,3,5,1,2,3,3,1,3,3,2,2,2
S210,5,4,2,1,4,5,5,5,5,2,5,4,3,2,3,4,1,1,4,3,2,1,1,5,3,4
S211,4,5,2,1,4,1,3,5,1,5,1,1,5,5,3,3,4,3,3,4,5,2,1,1,5,1
S212,2,4,2,3,1,2,1,4,3,5,2,1,2,4,3,3,3,4,5,4,3,5,1,3,2,4
S213,1,4,2,3,1,2,3,3,1,5,3,1,1,1,1,5,2,1,5,3,2,3,2,4,3,3
S214,4,4,5,3,2,3,5,5,3,2,3,2,5,3,3,2,3,3,3,2,5,3,2,1,4,1
S215,1,5,4,4,3,1,5,3,4,3,1,2,5,5,2,3,3,1,3,2,4,2,5,4,4,4
S216,4,1,5,1,4,2,5,5,4,3,5,5,4,4,4,1,4,4,5,4,3,2,5,3,5,1
S217,4,3,3,1,1,1,5,2,1,4,1,3,5,3,3,1,2,1,5,2,5,3,1,3,3,3
S218,3,4,2,3,4,4,3,5,4,1,2,4,5,5,2,4,4,2,3,3,5,2,2,1,1,4
S219,2,5,2,4,2,1,4,3,3,4,1,2,3,4,4,5,3,3,5,5,1,5,1,1,5,2
S220,5,4,2,2,3,5,5,4,4,1,4,4,2,2,3,3,3,3,5,4,4,2,2,3,3,2
S221,5,4,3,4,3,2,3,2,1,3,3,2,5,3,1,2,2,2,3,4,4,3,1,5,1,5
S222,5,1,2,4,1,1,5,4,2,5,3,4,4,3,1,5,2,2,3,2,3,2,2,3,2,1
S223,2,3,2,3,2,1,4,5,3,4,3,5,4,5,3,4,1,2,5,3,2,2,2,2,3,2
S224,5,5,3,4,4,1,3,2,4,3,3,3,4,2,2,2,5,5,5,3,4,2,1,4,1,5
S225,3,4,2,1,2,3,4,4,3,3,4,1,3,2,1,2,2,2,2,2,3,4,1,5,3,5
S226,4,3,1,1,3,3,4,4,3,4,1,1,5,5,4,1,2,4,5,3,1,4,1,3,2,3
S227,2,5,2,1,2,1,5,4,1,4,2,1,2,1,2,5,5,1,5,5,2,5,2,5,1,3
S228,1,4,2,3,3,3,5,4,2,3,4,4,4,5,5,3,4,3,5,2,4,3,2,3,1,3
S229,5,4,3,5,1,1,3,3,3,5,5,3,4,3,4,5,4,2,5,2,4,1,2,3,4,1
S230,3,2,1,4,3,1,5,5,5,1,4,5,5,5,5,1,3,4,5,4,3,3,5,3,2,2
S231,5,3,4,3,2,1,4,5,1,5,1,1,4,3,3,3,2,4,3,5,4,1,1,4,2,3
S232,2,4,2,5,1,3,5,2,1,3,1,1,5,1,1,3,3,1,1,5,2,3,1,5,1,5
S233,4,2,2,3,2,1,5,4,1,5,1,1,5,4,3,3,1,4,3,1,5,1,1,5,3,5
S234,2,2,2,4,1,2,5,5,5,2,5,4,4,4,4,5,2,1,4,4,2,4,4,1,4,1
S235,5,4,4,4,4,3,3,2,3,5,1,1,4,5,3,3,3,5,3,2,4,2,1,4,1,5
S236,5,5,3,3,2,1,4,5,5,1,2,4,2,2,1,3,1,1,5,5,4,3,4,3,4,3
S237,5,3,5,5,3,2,5,5,3,5,4,3,4,2,1,5,1,1,4,3,4,3,5,3,3,1
S238,2,4,2,1,3,4,4,1,4,3,4,2,4,2,2,5,4,1,5,2,4,1,5,3,2,3
S239,5,5,4,1,5,5,5,5,5,1,3,2,5,5,3,1,3,4,1,3,3,1,1,5,1,4
S240,4,5,5,4,4,3,5,4,4,1,4,5,5,5,3,1,3,5,5,3,2,3,3,5,3,2
S241,1,1,2,3,3,2,4,3,3,4,5,1,4,4,2,2,2,2,4,5,3,4,2,5,1,3
S242,3,1,1,5,5,1,4,5,4,1,2,2,1,4,3,4,3,2,5,3,1,2,2,3,2,5
S243,3,5,1,4,3,3,4,4,3,2,2,1,2,2,3,3,3,1,5,3,3,4,3,5,4,2
S244,2,2,4,2,3,3,1,4,1,5,1,2,4,4,5,2,4,3,1,1,5,1,1,3,2,3
S245,3,4,3,2,3,3,2,5,2,4,1,1,1,2,2,2,1,1,5,5,2,3,5,1,5,1
S246,3,3,1,5,2,2,1,2,2,2,1,1,4,5,3,2,2,3,3,4,4,3,2,5,5,4
S247,4,5,3,1,5,3,5,4,3,1,2,4,4,5,3,1,4,3,2,3,4,1,2,2,3,4
S248,3,4,4,2,1,2,1,2,4,4,1,1,5,4,4,4,4,3,3,3,5,2,1,4,4,1
S249,2,3,1,4,2,2,5,3,4,2,2,1,4,3,1,2,3,3,3,4,5,1,2,4,4,4
S250,1,1,2,5,1,1,1,2,1,5,1,1,5,3,4,2,2,2,5,4,3,3,1,5,4,1
S251,5,4,2,5,2,1,4,5,4,3,3,3,1,2,1,5,1,1,3,2,3,1,1,5,1,3
S252,5,2,1,4,1,1,5,4,4,4,2,2,4,5,3,4,2,1,5,4,1,5,1,5,2,4
S253,3,5,3,4,2,1,2,3,1,5,1,1,5,1,2,3,3,2,3,2,4,1,5,1,5,2
S254,5,5,5,1,4,3,3,5,3,2,5,1,1,3,1,5,1,1,3,3,4,3,2,3,1,2
S255,4,3,1,4,4,1,4,2,5,2,4,2,5,4,2,1,2,3,3,2,4,2,1,4,4,3
S256,4,4,4,1,5,4,5,3,2,5,1,1,5,4,4,1,4,4,5,4,5,3,5,4,3,1
S257,3,5,5,4,4,4,5,5,4,2,5,5,4,4,5,5,2,2,3,4,3,4,2,2,4,2
S258,5,3,4,4,2,2,5,4,2,3,1,2,3,5,4,2,3,4,4,1,3,1,2,2,4,2
S259,4,2,2,5,1,2,3,4,2,1,2,2,3,5,5,3,4,2,1,1,5,1,3,2,5,1
S260,5,3,4,5,3,2,4,4,3,2,3,3,5,3,5,2,4,3,2,4,4,2,4,2,1,1
S261,5,2,3,4,1,1,4,5,3,3,3,2,5,5,5,1,4,4,4,3,3,4,1,4,3,1
S262,4,2,4,2,2,1,5,4,3,2,3,3,4,4,5,1,3,4,3,4,4,5,5,4,4,3
S263,4,5,5,1,5,4,5,4,2,3,2,4,4,3,4,3,2,2,5,5,2,5,1,4,1,5
S264,3,5,3,3,3,2,2,3,1,4,2,1,2,2,2,4,1,1,1,5,4,1,5,2,1,1
S265,3,4,4,2,4,4,5,1,3,1,2,2,3,3,5,3,3,2,3,5,3,3,3,5,4,2
S266,2,4,3,4,1,1,4,1,1,5,1,3,5,2,1,4,2,2,5,4,1,3,2,1,1,4
S267,4,2,3,4,2,2,5,2,4,3,4,5,5,5,5,1,5,4,2,2,5,1,2,4,4,5
S268,4,5,5,2,5,5,2,2,1,5,2,1,4,4,4,3,2,3,5,2,2,1,1,5,2,2
S269,2,3,2,3,1,1,3,2,3,5,4,1,3,4,3,5,4,2,2,2,3,1,4,4,4,3
S270,5,5,4,3,4,1,5,5,4,2,2,3,3,5,5,1,3,1,5,4,3,5,4,4,4,2
S271,4,5,4,5,1,3,4,5,4,1,4,3,5,3,2,2,3,1,5,4,3,3,3,4,5,4
S272,3,3,3,3,1,1,1,5,4,3,1,3,5,5,5,2,5,4,3,3,5,2,2,1,4,1
S273,4,5,5,1,2,5,4,2,2,2,2,1,5,1,5,1,1,2,4,2,4,2,2,3,3,5
S274,5,3,4,2,1,3,3,3,3,2,1,3,4,2,3,4,2,2,4,4,4,3,4,3,5,1
S275,5,4,3,2,2,3,5,4,4,3,3,3,5,2,3,2,2,4,1,2,5,3,2,1,4,4
S276,1,1,1,4,1,1,4,4,3,3,2,3,2,1,1,5,1,1,2,3,5,1,3,1,1,2
S277,1,2,3,4,1,2,5,5,5,1,5,3,3,3,3,3,2,2,3,4,2,1,3,4,3,2
S278,5,2,3,3,2,1,4,4,4,3,2,1,4,5,5,3,3,1,5,2,2,1,3,4,3,3
S279,4,4,3,2,4,4,5,4,4,5,4,2,5,1,2,3,4,3,3,2,3,5,1,3,2,3
S280,5,4,4,3,4,3,4,4,4,1,1,1,5,4,1,5,3,2,5,3,3,2,1,5,3,3
S281,3,5,2,4,2,1,4,2,5,2,1,2,3,1,1,5,1,1,1,3,4,1,1,5,4,3
S282,4,2,3,5,3,1,3,4,3,4,2,3,5,4,4,5,2,4,4,4,4,1,3,5,4,3
S283,5,2,2,3,2,1,4,4,4,2,5,2,3,2,2,3,1,1,4,5,3,2,3,4,5,3
S284,5,5,4,1,2,1,5,5,2,4,2,4,5,5,2,3,3,4,4,2,5,3,5,2,3,1
S285,3,5,3,3,5,3,3,2,2,4,1,1,5,2,1,3,3,3,2,3,2,1,2,4,1,2
S286,5,5,2,2,5,4,5,2,1,3,2,1,2,1,2,4,1,1,5,4,4,2,2,3,4,3
S287,5,5,4,1,3,3,2,1,2,4,1,1,4,1,4,2,2,3,5,5,3,3,1,4,4,2
S288,5,5,3,3,3,2,5,5,4,3,4,4,3,2,1,5,4,3,4,2,4,4,5,3,5,2
S289,1,4,4,3,3,2,3,2,3,4,1,1,5,5,3,1,4,5,1,4,3,1,2,2,4,3
S290,3,1,2,4,1,1,3,5,1,5,1,1,5,5,5,3,5,3,4,5,1,5,1,3,2,3
S291,3,3,4,3,2,3,4,4,3,3,2,4,2,2,1,4,2,1,5,5,2,4,2,3,2,4
S292,3,2,3,2,3,3,5,5,5,3,5,5,3,4,5,2,3,3,3,5,1,4,2,4,5,4
S293,5,3,4,5,4,3,5,4,2,3,3,1,4,5,3,5,1,3,2,3,4,5,1,4,3,3
S294,2,2,2,5,1,2,5,2,2,2,4,4,4,4,4,3,3,3,3,1,5,1,1,2,5,3
S295,3,5,2,5,2,2,4,5,3,5,3,2,4,2,3,3,3,1,2,1,2,1,1,4,1,1
S296,5,4,4,2,2,5,4,5,3,5,4,3,5,4,4,4,1,3,3,4,3,2,5,4,4,1
S297,2,4,5,1,2,5,5,5,4,3,3,3,4,2,2,2,3,4,4,5,4,3,1,3,2,3
S298,5,5,3,1,4,4,3,4,3,4,1,1,5,1,1,4,2,1,5,5,2,3,3,1,5,1
S299,5,2,5,2,3,4,1,4,4,3,3,3,4,3,4,1,2,2,3,4,2,2,3,3,4,1
S300,3,1,1,4,1,3,5,5,3,4,3,2,5,4,4,3,2,1,2,1,4,1,3,5,2,1
S301,5,5,3,1,3,4,2,2,3,5,1,1,5,5,5,1,4,3,4,3,1,3,4,5,3,2
S302,3,4,2,3,2,1,5,5,3,1,4,4,1,3,3,3,4,3,4,2,4,1,2,5,1,5
S303,4,5,3,3,1,1,2,4,3,5,2,3,4,4,2,3,2,3,2,4,2,3,1,2,3,4
S304,3,3,1,3,1,3,3,5,3,4,2,1,5,3,1,5,1,1,4,5,3,4,4,3,2,3
S305,3,5,4,5,2,2,2,5,5,1,4,3,1,4,1,5,1,1,5,4,1,4,5,4,1,2
S306,1,3,4,5,2,3,3,5,3,4,2,1,3,2,1,5,1,1,5,5,1,5,4,2,5,1
S307,5,4,4,2,2,2,5,4,4,3,1,2,5,5,4,4,3,2,3,4,3,3,2,3,3,2
S308,4,3,2,3,2,1,3,2,3,4,3,4,1,5,4,2,3,3,1,1,5,3,4,1,3,1
S309,5,3,5,2,5,4,5,5,3,5,4,4,3,1,2,4,3,1,5,4,3,3,4,5,3,4
S310,3,1,3,4,1,3,5,5,3,2,2,2,5,4,5,5,5,4,4,5,2,3,4,2,3,1
S311,4,1,3,2,3,1,4,4,4,3,2,2,3,3,2,4,5,2,4,2,5,2,2,2,3,1
S312,3,3,3,3,1,3,5,1,5,4,5,3,5,1,4,3,3,3,5,5,3,5,5,4,3,2
S313,5,5,5,2,1,5,5,5,5,2,3,4,3,4,3,3,5,3,4,3,4,2,1,5,3,3
S314,4,2,3,4,2,2,5,3,2,1,2,3,5,4,2,2,3,2,4,2,5,2,4,3,3,1
S315,4,5,4,3,3,3,5,5,3,4,2,1,1,2,1,3,3,1,4,3,2,2,2,5,2,4
S316,1,1,1,2,2,1,2,1,2,5,1,1,2,1,2,5,3,1,5,5,4,3,2,4,1,2
S317,4,5,2,3,2,1,5,3,3,4,3,1,2,1,1,5,2,1,5,4,4,3,4,1,3,3
S318,5,5,3,2,4,3,5,2,3,3,2,2,3,4,2,4,3,1,4,4,3,2,3,3,3,2
S319,3,5,4,3,2,1,5,2,3,3,1,1,3,5,3,2,2,2,3,3,3,1,2,4,1,3
S320,2,5,5,1,3,2,1,5,2,3,3,3,4,3,2,5,1,2,4,2,5,2,5,1,4,4
S321,3,2,5,3,2,3,5,3,2,4,3,2,5,3,3,2,2,1,5,5,4,1,2,5,1,2
S322,5,5,5,1,5,4,5,2,3,5,3,4,5,3,3,5,3,2,4,4,1,3,3,3,3,4
S323,5,5,5,1,5,5,5,1,1,4,1,1,4,2,2,4,2,2,5,5,3,3,1,3,3,4
S324,4,2,2,5,3,1,2,4,3,2,3,1,5,1,1,5,2,1,5,3,1,4,2,2,4,1
S325,5,2,3,2,2,3,3,4,2,3,2,2,5,5,2,2,3,2,1,4,4,2,1,4,3,1
S326,5,5,3,1,5,5,5,1,1,3,1,1,4,4,2,2,3,3,5,5,4,4,1,4,4,3
S327,5,5,4,1,3,4,3,3,2,4,2,3,2,3,2,5,3,1,1,4,5,1,1,5,3,3
S328,3,3,3,2,3,3,4,1,4,3,5,1,4,5,5,5,4,3,3,2,5,3,4,3,2,3
S329,3,3,2,3,4,3,4,4,3,4,1,1,4,2,2,4,3,1,4,4,1,4,3,5,2,1
S330,4,2,1,3,1,3,3,5,3,4,5,4,5,4,3,4,3,1,4,4,1,4,5,3,1,3
S331,2,4,3,3,1,2,5,5,3,2,3,3,5,4,5,2,4,5,3,3,1,3,2,1,5,1
S332,4,3,2,4,2,1,5,5,3,2,4,2,5,3,2,2,2,2,5,2,2,3,4,3,1,3
S333,2,2,1,5,2,1,3,3,5,1,1,1,3,5,3,1,3,3,2,1,4,1,1,5,1,5
S334,4,3,1,4,1,1,5,5,5,2,3,4,3,5,3,1,4,3,2,4,3,4,3,5,3,5
S335,3,2,2,1,5,1,3,4,2,1,3,1,3,4,3,3,2,1,5,5,1,3,1,5,4,3
S336,2,2,2,3,3,1,2,2,4,4,2,2,5,5,4,5,3,2,3,4,4,2,1,2,2,1
S337,5,5,5,1,3,5,4,2,2,5,3,3,2,1,2,5,1,2,3,5,3,2,1,3,1,5
S338,5,2,2,5,1,1,5,2,4,5,2,3,5,2,1,3,2,4,1,2,3,3,1,4,1,3
S339,5,4,5,3,4,5,4,3,2,5,2,1,2,2,3,3,3,2,1,4,2,1,1,5,2,5
S340,5,5,2,4,1,2,3,4,3,3,4,1,4,3,2,3,1,2,3,4,3,3,1,1,3,2
S341,5,4,3,5,1,1,3,3,3,5,3,2,4,3,4,1,2,3,4,5,1,3,3,4,2,2
S342,5,4,4,4,3,3,5,1,4,3,2,2,4,2,2,4,1,1,3,3,3,4,4,2,5,3
S343,1,3,2,5,2,1,5,5,5,1,2,2,1,3,2,5,2,1,5,5,2,2,1,5,1,1
S344,3,5,4,2,3,5,5,2,4,2,3,4,3,5,2,4,3,2,2,3,1,1,4,1,5,1
S345,3,2,5,5,2,4,4,5,3,2,4,4,3,5,2,2,5,2,4,2,5,1,1,3,1,2
S346,5,5,3,3,4,1,3,1,1,5,1,1,5,1,1,3,2,1,5,4,1,3,5,2,2,2
S347,3,4,3,5,5,4,2,1,3,5,1,1,4,5,4,3,5,3,1,4,4,2,3,1,4,2
S348,5,5,5,1,4,5,5,4,4,3,2,2,1,3,2,3,2,2,5,1,4,3,5,1,5,2
S349,3,2,1,3,2,1,3,1,2,3,1,1,5,4,5,2,4,3,4,4,1,3,4,1,3,3
S350,4,3,1,3,4,2,5,3,3,5,2,1,5,5,3,3,1,1,3,3,4,2,4,3,5,1
S351,2,3,2,4,2,2,5,2,2,5,1,1,5,1,2,5,1,1,4,5,2,3,1,2,4,2
S352,3,2,3,5,2,1,1,3,1,5,1,1,5,5,4,1,4,5,5,5,3,1,3,3,3,4
S353,5,3,2,3,1,2,5,5,4,3,4,3,3,3,1,4,1,1,4,5,5,3,2,2,4,2
S354,4,5,3,1,4,2,4,2,5,1,3,2,5,5,3,3,4,1,1,3,5,1,1,2,5,2
S355,5,5,4,3,4,4,4,2,2,5,2,5,5,5,5,2,4,3,3,4,3,5,1,4,4,1
S356,2,4,3,4,2,1,2,1,1,5,1,1,2,3,1,3,3,1,5,5,1,3,4,2,5,1
S357,2,4,1,5,5,4,3,1,2,3,4,1,5,3,5,1,5,5,2,2,5,2,4,3,4,1
S358,3,4,3,4,1,3,5,4,2,3,2,1,4,2,3,4,1,2,2,4,3,3,3,2,3,2
S359,4,5,3,3,1,1,2,5,3,5,5,1,4,3,3,1,3,2,2,3,3,1,5,5,3,2
S360,4,2,5,2,2,2,3,4,3,5,5,5,5,2,3,4,3,3,5,2,1,3,2,2,3,2
S361,4,1,4,4,3,1,4,4,4,3,3,2,4,5,3,3,2,2,2,4,4,2,1,5,2,1
S362,1,2,2,5,1,1,5,5,4,1,1,5,3,4,4,2,3,2,2,3,4,2,3,5,3,4
S363,5,5,4,1,4,2,3,5,4,3,3,2,5,5,3,3,4,2,4,2,5,1,3,3,3,3
S364,5,5,4,1,4,5,5,2,4,3,1,1,4,2,1,5,3,1,3,4,3,3,1,5,2,3
S365,1,3,2,2,2,3,4,5,5,2,5,3,5,4,5,1,5,2,4,2,5,2,1,2,5,3
S366,3,2,4,4,1,2,4,5,4,4,3,2,1,2,1,4,1,1,5,5,1,5,1,2,4,4
S367,2,3,3,3,4,2,3,2,2,5,5,2,5,4,4,2,3,2,5,2,4,3,2,2,4,2
S368,5,5,4,3,3,2,3,2,2,4,2,2,2,5,4,3,4,2,1,2,5,1,4,2,3,5
S369,5,5,5,4,5,3,3,5,3,4,2,1,2,3,1,5,1,2,2,1,5,2,1,3,3,2
S370,5,5,3,1,5,4,3,4,1,3,2,1,3,1,2,5,2,3,4,4,2,5,1,5,1,5
S371,3,4,1,3,1,2,3,3,4,3,2,2,1,3,1,2,1,2,5,4,3,1,3,1,3,2
S372,3,3,1,5,1,2,3,5,5,1,4,4,3,3,3,3,4,2,5,2,3,3,2,3,3,1
S373,1,1,1,3,4,1,4,2,3,5,1,1,4,4,2,1,3,3,3,5,4,2,5,1,5,3
S374,3,3,1,5,2,3,3,2,1,5,3,1,5,5,5,5,4,1,5,4,3,2,3,3,5,4
S375,4,4,4,4,1,1,5,5,5,2,4,4,5,4,5,1,5,2,5,4,4,2,3,5,3,2
S376,3,5,2,3,5,4,1,3,2,4,3,2,5,3,3,4,3,3,4,2,4,4,3,2,4,4
S377,4,1,2,4,2,3,5,3,3,3,3,2,3,4,3,3,1,1,2,5,3,3,3,2,3,1
S378,4,5,2,5,2,1,4,5,4,4,4,4,5,5,3,4,3,2,1,1,5,1,3,2,3,2
S379,5,5,5,4,1,3,5,4,3,1,2,1,4,2,2,5,5,1,3,3,5,1,4,5,4,2
S380,4,4,5,2,5,4,5,4,5,1,5,5,3,2,2,4,2,1,5,3,1,2,1,1,3,1
S381,5,5,5,1,3,5,4,5,3,2,3,4,5,3,5,3,2,3,5,2,4,2,5,4,5,1
S382,5,5,5,4,1,1,4,2,1,4,1,1,5,4,3,1,5,5,1,3,5,2,5,1,5,1
S383,5,1,3,4,1,1,5,5,4,2,4,3,2,2,2,4,1,1,3,4,5,3,2,2,3,1
S384,5,5,3,2,3,3,3,5,3,5,5,1,3,3,2,3,2,1,3,2,5,1,2,5,3,3
S385,5,4,3,2,3,2,4,4,5,5,1,3,5,4,3,1,2,3,5,3,3,3,5,3,5,1
S386,5,5,4,2,2,5,4,3,1,3,3,4,5,3,3,3,4,2,3,3,4,3,3,3,1,2
S387,3,5,4,1,3,3,5,4,3,4,5,4,3,1,3,4,2,1,4,3,3,2,2,1,3,1
S388,4,3,1,3,4,1,5,5,4,1,4,5,5,4,3,2,4,2,3,1,5,2,1,5,3,5
S389,5,2,2,3,3,5,3,4,4,4,3,1,5,4,3,3,1,2,3,4,2,5,3,2,4,1
S390,5,3,4,1,3,4,2,5,1,5,2,2,5,3,4,5,2,3,5,3,3,4,3,3,5,2
S391,5,2,4,1,3,2,3,5,3,3,3,2,4,5,5,1,5,3,5,1,5,1,2,2,3,2
S392,4,4,4,1,3,2,2,4,2,1,1,1,3,4,4,5,2,2,1,2,3,2,3,1,4,1
S393,5,5,4,2,4,2,5,5,5,1,5,5,4,2,1,5,2,1,2,2,5,1,1,5,2,2
S394,5,4,5,2,3,5,5,5,2,3,2,1,4,2,4,5,2,1,2,1,5,2,1,3,2,3
S395,4,5,4,2,5,4,2,1,2,3,3,2,1,4,3,5,3,4,4,4,2,3,2,5,2,2
S396,4,5,2,2,4,4,4,5,4,2,3,3,3,3,3,5,1,2,3,5,5,1,1,5,1,5
S397,4,3,4,1,3,2,3,2,2,3,1,2,5,4,4,5,2,1,3,5,5,3,2,1,5,1
S398,3,4,5,3,1,4,2,4,1,5,3,1,5,5,4,2,5,4,4,3,4,2,1,5,1,5
S399,2,5,2,1,1,1,3,3,5,1,5,4,5,5,3,3,3,3,4,3,3,2,1,4,3,1
S400,3,3,2,5,2,4,1,4,2,5,1,5,4,1,3,5,1,4,4,1,2,3,2,5,4,1
S401,5,3,3,3,4,4,1,3,4,2,4,2,5,5,4,2,4,4,1,4,5,1,1,4,1,1
S402,1,3,1,2,2,1,5,5,3,3,4,3,3,3,3,4,2,1,5,1,4,4,2,2,2,1
S403,4,5,4,2,2,3,5,5,5,1,4,4,5,4,5,5,1,4,2,2,5,2,1,5,4,2
S404,5,5,4,1,2,4,2,4,4,1,4,3,1,4,3,3,3,3,5,3,3,4,5,5,2,5
S405,5,3,4,2,3,4,5,5,3,4,2,4,4,4,3,4,4,1,5,4,2,4,3,1,5,1
S406,5,3,4,3,3,2,2,2,4,1,2,2,4,3,4,3,2,3,1,5,1,4,1,4,3,3
S407,2,1,2,4,1,1,3,1,2,5,1,1,3,2,1,5,1,1,1,3,5,5,4,3,5,2
S408,5,4,3,1,1,4,5,4,5,3,4,5,3,2,2,4,2,1,5,5,4,2,3,2,4,1
S409,2,4,3,2,3,4,4,2,1,4,2,2,2,2,3,4,1,1,4,5,3,4,1,5,4,1
S410,5,4,3,2,5,4,3,3,2,1,3,1,1,2,3,1,1,3,1,1,2,1,2,2,3,5
S411,4,3,2,4,3,3,4,5,5,2,4,4,5,4,4,1,4,3,3,5,1,4,3,3,3,1
S412,3,1,3,3,4,1,5,5,3,3,2,2,5,4,2,1,5,4,5,4,1,4,2,3,4,4
S413,4,3,4,5,3,3,5,2,3,2,4,2,3,4,5,3,2,3,1,3,5,3,3,3,5,1
S414,4,3,4,1,3,3,5,4,5,1,5,2,3,5,3,2,4,1,3,1,5,3,4,5,3,3
S415,5,1,4,5,3,1,1,2,3,3,2,1,3,1,1,5,1,2,4,5,3,2,3,3,3,3
S416,4,5,3,3,5,2,5,4,4,3,2,4,4,3,2,4,2,1,4,5,3,1,2,5,2,4
S417,5,5,4,2,5,3,5,2,1,4,4,2,3,2,2,4,2,1,3,2,4,3,3,5,4,1
S418,3,3,5,3,4,2,5,3,4,5,4,1,3,4,3,3,4,1,4,2,4,3,2,5,3,2
S419,2,3,2,2,2,2,5,5,4,1,5,4,5,1,4,2,2,2,5,2,5,2,1,4,4,2
S420,5,3,4,3,3,2,5,4,3,4,5,2,5,2,2,2,2,2,1,2,5,1,1,4,2,5
S421,5,5,4,1,5,2,2,4,2,4,3,3,1,1,1,5,1,1,5,4,3,4,2,2,2,1
S422,5,2,3,5,2,2,5,4,3,1,5,3,5,5,4,3,2,2,4,5,4,1,4,5,3,4
S423,3,3,4,5,2,2,3,4,2,4,2,3,3,3,1,3,1,2,3,3,4,3,2,4,3,2
S424,2,3,2,3,4,2,4,4,4,4,1,1,5,2,2,3,1,1,4,3,4,3,3,2,4,4
S425,5,3,3,1,4,4,4,2,2,5,2,2,5,5,5,1,4,4,3,2,5,2,1,4,4,2
S426,2,1,1,5,1,2,2,1,1,5,1,1,4,1,3,3,1,1,5,3,2,1,1,2,3,2
S427,2,4,3,1,1,2,5,5,4,2,4,5,2,1,1,5,1,1,3,3,4,1,1,1,2,5
S428,5,4,5,3,3,1,1,1,1,5,1,1,4,4,1,1,5,2,3,4,2,2,5,4,3,2
S429,5,5,5,1,4,5,3,3,3,2,1,2,5,5,5,2,2,2,4,5,5,5,1,4,1,4
S430,3,3,2,3,1,5,3,2,2,4,2,1,5,5,5,1,4,3,4,1,4,2,1,2,2,4
S431,3,3,3,4,3,2,3,4,3,3,2,2,1,2,3,4,1,2,4,3,2,2,1,5,4,3
S432,5,5,5,1,5,5,5,3,3,2,2,2,4,4,5,2,2,2,2,1,2,1,3,3,2,4
S433,3,2,1,5,2,1,3,5,5,2,3,4,5,2,5,3,2,3,5,3,3,3,3,3,5,3
S434,2,1,1,5,1,1,4,1,2,3,4,1,4,3,4,3,2,3,2,2,5,3,4,5,4,4
S435,5,4,2,3,3,2,5,4,3,1,3,2,5,5,3,1,5,4,5,4,3,1,1,5,3,5
S436,2,4,4,5,1,2,5,3,4,2,2,2,3,1,3,4,1,1,2,4,4,2,2,4,2,4
S437,5,3,3,5,1,1,5,1,3,4,4,4,3,4,2,3,3,2,5,2,3,3,5,2,5,1
S438,5,4,3,3,3,1,4,5,5,1,4,4,4,5,5,2,2,1,4,4,3,3,5,3,3,3
S439,5,3,3,2,4,1,5,5,4,3,3,2,5,3,3,2,1,5,5,2,4,2,1,1,5,1
S440,1,3,3,3,2,1,4,3,3,3,3,2,5,5,3,5,4,2,1,2,5,2,3,4,3,1
S441,3,2,4,4,1,1,5,5,4,3,3,1,3,2,1,3,1,4,5,5,1,5,1,4,5,3
S442,5,4,5,1,3,3,5,5,5,3,3,4,3,3,3,3,4,3,5,5,2,4,1,2,1,4
S443,5,5,4,2,3,2,5,4,4,4,2,3,2,4,2,3,2,1,5,1,5,2,1,4,4,2
S444,5,4,2,1,4,5,1,2,3,5,1,1,3,3,2,3,2,1,5,2,1,4,1,5,3,3
S445,5,5,5,2,5,3,5,5,2,5,3,1,4,2,5,3,5,2,2,3,3,1,1,2,2,2
S446,1,3,1,5,1,1,5,2,2,2,3,2,4,4,3,1,1,3,5,3,4,2,4,1,5,1
S447,5,5,2,5,1,1,5,3,4,2,2,2,3,5,1,3,3,4,4,2,5,4,4,5,4,4
S448,4,3,2,4,1,1,2,4,3,2,4,5,3,2,3,5,3,2,2,2,3,1,5,1,5,2
S449,5,5,4,2,3,1,5,5,5,1,4,4,5,5,2,2,1,2,2,3,4,3,2,1,4,2
S450,4,2,3,3,1,3,1,5,2,4,5,2,5,4,3,3,3,1,5,2,2,1,5,1,5,1
S451,3,1,4,4,1,3,5,5,5,1,3,2,2,4,4,5,1,1,3,5,5,3,1,4,2,3
S452,4,4,3,2,3,2,5,5,5,2,5,3,5,4,5,3,3,5,1,2,5,2,1,4,3,4
S453,1,5,2,4,1,1,2,5,2,5,4,3,2,4,1,4,1,1,3,2,1,3,1,4,3,1
S454,5,5,5,3,3,1,4,5,5,2,5,5,5,1,2,4,3,1,2,3,2,1,1,5,4,3
S455,5,2,1,3,2,3,5,5,3,3,3,2,4,4,5,3,1,1,5,3,5,5,3,3,3,2
S456,2,5,5,1,3,4,2,5,1,5,1,1,5,5,4,1,2,1,5,5,1,3,1,5,3,4
S457,3,4,4,2,3,1,3,1,3,3,5,1,1,1,1,5,1,1,3,3,5,1,1,4,3,3
S458,3,3,3,2,5,2,5,4,4,5,2,4,5,5,5,1,5,5,3,3,2,1,1,1,5,4
S459,4,5,5,3,2,5,5,5,5,3,4,3,5,5,5,2,3,4,4,5,1,5,3,5,3,5
S460,5,5,5,4,3,2,5,5,2,3,3,2,3,4,4,3,1,2,2,3,4,3,3,1,4,3
S461,3,5,4,3,5,3,2,5,3,1,2,1,3,3,3,2,3,2,5,5,4,3,2,3,3,1
S462,4,4,5,1,5,3,1,4,1,5,2,1,5,4,4,1,3,2,3,5,5,4,3,1,3,3
S463,5,3,1,3,2,3,5,5,4,4,4,3,5,5,4,3,3,4,5,3,5,4,4,4,4,3
S464,5,4,2,3,4,5,3,3,1,4,2,3,2,4,3,4,2,3,2,1,5,2,4,4,2,1
S465,1,3,3,1,1,5,4,1,2,3,5,1,5,2,3,4,3,2,5,3,1,3,2,4,2,4
S466,5,3,4,1,5,4,5,1,3,3,3,3,3,5,3,3,3,2,4,4,3,4,3,2,4,1
S467,4,4,2,3,4,1,5,5,5,1,3,3,2,3,2,3,2,1,4,3,4,2,1,3,4,3
S468,5,5,4,3,4,4,3,4,5,3,2,5,4,3,4,3,1,1,5,1,2,1,3,3,5,3
S469,4,5,3,5,2,2,5,2,2,5,2,1,3,2,1,4,1,2,4,5,3,2,5,1,5,2
S470,5,4,3,5,1,4,5,4,2,3,1,1,5,5,3,2,4,3,3,2,4,1,2,4,3,2
S471,2,1,3,3,3,3,5,5,4,2,4,3,4,3,3,1,5,3,5,4,5,3,5,1,5,1
S472,2,5,5,5,2,1,5,2,3,4,1,1,2,1,1,5,1,1,5,4,1,5,1,3,4,1
S473,4,5,5,1,4,1,5,5,2,3,2,1,5,5,4,4,3,3,3,2,5,2,4,2,3,3
S474,3,3,2,1,1,2,4,5,1,4,3,3,5,1,3,3,1,2,1,3,4,3,1,5,1,5
S475,5,3,2,4,2,4,2,3,1,3,2,2,3,5,4,3,2,1,5,4,4,2,2,3,3,2
S476,2,2,1,5,1,1,5,4,4,3,2,3,4,3,5,2,2,3,5,3,2,4,1,4,2,1
S477,1,2,4,3,1,1,5,4,3,4,2,2,4,5,5,3,5,4,2,4,3,2,2,5,1,4
S478,1,1,1,4,1,1,4,5,4,3,3,3,5,4,3,2,2,2,5,5,2,3,5,2,1,1
S479,2,1,1,3,1,1,3,2,1,4,1,2,3,3,4,4,3,2,2,3,5,1,5,3,3,4
S480,5,5,5,4,4,5,3,1,2,5,2,2,4,3,3,3,3,2,3,5,3,5,2,4,2,2
S481,5,4,4,4,4,5,5,3,5,1,3,3,3,1,2,4,2,2,3,3,3,1,3,2,4,3
S482,5,1,3,2,4,5,4,2,2,3,1,1,2,4,1,5,1,2,5,5,5,4,1,2,2,3
S483,4,3,1,4,1,2,5,5,5,2,4,3,1,1,2,4,1,2,4,5,2,2,1,4,2,3
S484,5,4,4,5,4,2,5,2,3,1,2,2,4,5,5,4,5,4,5,2,4,1,3,3,2,5
S485,4,3,4,3,3,2,5,4,2,3,2,2,5,3,3,3,2,1,4,3,3,2,5,1,5,1
S486,2,1,1,3,1,1,5,5,4,3,4,4,5,4,4,2,3,3,3,5,3,4,2,5,3,1
S487,5,5,4,3,3,4,4,3,4,5,1,1,4,5,3,4,4,4,5,3,3,3,2,2,4,5
S488,5,5,5,1,3,3,2,4,1,5,1,1,4,3,4,3,1,3,3,5,3,2,1,5,4,1
S489,5,2,4,5,4,2,1,3,3,5,2,1,1,4,3,3,2,2,4,3,5,4,4,1,4,2
S490,5,4,4,2,2,1,5,5,4,2,3,2,3,4,3,2,4,4,1,2,5,1,1,5,1,5
S491,5,4,3,3,2,2,3,3,3,4,2,2,5,4,4,4,5,2,5,4,2,3,2,5,1,3
S492,3,1,3,5,1,1,5,5,5,1,5,5,5,5,4,2,4,1,4,3,1,2,1,2,2,2
S493,5,4,2,3,3,3,2,4,4,5,1,2,4,4,4,3,3,4,3,3,5,3,1,4,5,1
S494,2,4,1,3,1,2,3,5,3,2,3,2,4,4,4,3,4,4,4,4,1,5,1,5,5,3
S495,3,3,3,2,1,1,5,5,5,2,4,5,5,5,4,3,3,4,2,1,5,3,3,1,5,3
S496,4,2,3,4,2,4,5,2,1,1,4,5,4,4,2,4,4,4,4,5,5,2,1,4,5,2
S497,5,5,5,1,4,5,5,5,4,1,5,5,3,2,3,1,4,3,2,1,3,2,2,3,3,1
S498,5,4,2,2,3,3,5,4,4,2,5,5,4,4,2,5,1,2,3,3,5,3,4,3,5,3
S499,4,5,4,4,2,2,4,1,3,3,5,3,4,4,3,2,1,1,5,4,3,4,1,4,4,3
S500,5,2,3,1,4,3,5,5,3,3,3,4,3,3,3,3,2,2,5,3,4,3,4,1,2,2
